datetime,ist
2019/09/01 19:48:38,nan
2019/09/01 20:48:38,nan
2019/09/01 21:48:38,nan
2019/09/01 22:48:38,nan
2019/09/01 23:48:38,nan
2019/09/02 00:48:38,nan
2019/09/02 01:48:38,nan
2019/09/02 02:48:38,263.1328125
2019/09/02 03:48:38,nan
2019/09/02 04:48:38,nan
2019/09/02 05:48:38,nan
2019/09/02 06:48:38,nan
2019/09/02 07:48:38,nan
2019/09/02 08:48:38,nan
2019/09/02 09:48:38,nan
2019/09/02 10:48:38,nan
2019/09/02 11:48:38,nan
2019/09/02 12:48:38,nan
2019/09/02 13:48:38,nan
2019/09/02 14:48:38,nan
2019/09/02 15:48:38,nan
2019/09/02 16:48:38,nan
2019/09/02 17:48:38,nan
2019/09/02 18:48:38,nan
2019/09/02 19:48:38,nan
2019/09/02 20:48:38,nan
2019/09/02 21:48:38,nan
2019/09/02 22:48:38,nan
2019/09/02 23:48:38,nan
2019/09/03 00:48:38,nan
2019/09/03 01:48:38,nan
2019/09/03 02:48:38,257.080078125
2019/09/03 03:48:38,256.1376953125
2019/09/03 04:48:38,262.806640625
2019/09/03 05:48:38,nan
2019/09/03 06:48:38,nan
2019/09/03 07:48:38,nan
2019/09/03 08:48:38,nan
2019/09/03 09:48:38,nan
2019/09/03 10:48:38,261.8125
2019/09/03 11:48:38,nan
2019/09/03 12:48:38,264.0732421875
2019/09/03 13:48:38,nan
2019/09/03 14:48:38,nan
2019/09/03 15:48:38,nan
2019/09/03 16:48:38,nan
2019/09/03 17:48:38,nan
2019/09/03 18:48:38,nan
2019/09/03 19:48:38,nan
2019/09/03 20:48:38,nan
2019/09/03 21:48:38,nan
2019/09/03 22:48:38,nan
2019/09/03 23:48:38,nan
2019/09/04 00:48:38,nan
2019/09/04 01:48:38,263.6025390625
2019/09/04 02:48:38,nan
2019/09/04 03:48:38,nan
2019/09/04 04:48:38,262.6103515625
2019/09/04 05:48:38,261.345703125
2019/09/04 06:48:38,nan
2019/09/04 07:48:38,nan
2019/09/04 08:48:38,261.294921875
2019/09/04 09:48:38,nan
2019/09/04 10:48:38,nan
2019/09/04 11:48:38,nan
2019/09/04 12:48:38,nan
2019/09/04 13:48:38,nan
2019/09/04 14:48:38,nan
2019/09/04 15:48:38,nan
2019/09/04 16:48:38,nan
2019/09/04 17:48:38,259.5126953125
2019/09/04 18:48:38,nan
2019/09/04 19:48:38,nan
2019/09/04 20:48:38,nan
2019/09/04 21:48:38,262.98046875
2019/09/04 22:48:38,nan
2019/09/04 23:48:38,nan
2019/09/05 00:48:38,263.0546875
2019/09/05 01:48:38,nan
2019/09/05 02:48:38,nan
2019/09/05 03:48:38,nan
2019/09/05 04:48:38,nan
2019/09/05 05:48:38,249.5498046875
2019/09/05 06:48:38,nan
2019/09/05 07:48:38,247.5830078125
2019/09/05 08:48:38,nan
2019/09/05 09:48:38,nan
2019/09/05 10:48:38,nan
2019/09/05 11:48:38,nan
2019/09/05 12:48:38,nan
2019/09/05 13:48:38,nan
2019/09/05 14:48:38,nan
2019/09/05 15:48:38,nan
2019/09/05 16:48:38,nan
2019/09/05 17:48:38,nan
2019/09/05 18:48:38,nan
2019/09/05 19:48:38,nan
2019/09/05 20:48:38,264.1845703125
2019/09/05 21:48:38,263.427734375
2019/09/05 22:48:38,nan
2019/09/05 23:48:38,nan
2019/09/06 00:48:38,nan
2019/09/06 01:48:38,nan
2019/09/06 02:48:38,nan
2019/09/06 03:48:38,262.2099609375
2019/09/06 04:48:38,260.4853515625
2019/09/06 05:48:38,nan
2019/09/06 06:48:38,nan
2019/09/06 07:48:38,nan
2019/09/06 08:48:38,nan
2019/09/06 09:48:38,nan
2019/09/06 10:48:38,nan
2019/09/06 11:48:38,263.04296875
2019/09/06 12:48:38,261.9716796875
2019/09/06 13:48:38,261.75
2019/09/06 14:48:38,261.3330078125
2019/09/06 15:48:38,nan
2019/09/06 16:48:38,260.98828125
2019/09/06 17:48:38,260.716796875
2019/09/06 18:48:38,260.9150390625
2019/09/06 19:48:38,260.8427734375
2019/09/06 20:48:38,nan
2019/09/06 21:48:38,nan
2019/09/06 22:48:38,nan
2019/09/06 23:48:38,nan
2019/09/07 00:48:38,nan
2019/09/07 01:48:38,nan
2019/09/07 02:48:38,nan
2019/09/07 03:48:38,nan
2019/09/07 04:48:38,nan
2019/09/07 05:48:38,nan
2019/09/07 06:48:38,nan
2019/09/07 07:48:38,nan
2019/09/07 08:48:38,nan
2019/09/07 09:48:38,nan
2019/09/07 10:48:38,nan
2019/09/07 11:48:38,nan
2019/09/07 12:48:38,nan
2019/09/07 13:48:38,262.0048828125
2019/09/07 14:48:38,nan
2019/09/07 15:48:38,nan
2019/09/07 16:48:38,nan
2019/09/07 17:48:38,nan
2019/09/07 18:48:38,nan
2019/09/07 19:48:38,nan
2019/09/07 20:48:38,nan
2019/09/07 21:48:38,nan
2019/09/07 22:48:38,nan
2019/09/07 23:48:38,nan
2019/09/08 00:48:38,nan
2019/09/08 01:48:38,nan
2019/09/08 02:48:38,nan
2019/09/08 03:48:38,nan
2019/09/08 04:48:38,nan
2019/09/08 05:48:38,nan
2019/09/08 06:48:38,nan
2019/09/08 07:48:38,nan
2019/09/08 08:48:38,nan
2019/09/08 09:48:38,nan
2019/09/08 10:48:38,nan
2019/09/08 11:48:38,nan
2019/09/08 12:48:38,257.9619140625
2019/09/08 13:48:38,257.1201171875
2019/09/08 14:48:38,257.337890625
2019/09/08 15:48:38,256.5078125
2019/09/08 16:48:38,254.501953125
2019/09/08 17:48:38,256.681640625
2019/09/08 18:48:38,nan
2019/09/08 19:48:38,257.990234375
2019/09/08 20:48:38,nan
2019/09/08 21:48:38,nan
2019/09/08 22:48:38,nan
2019/09/08 23:48:38,nan
2019/09/09 00:48:38,nan
2019/09/09 01:48:38,nan
2019/09/09 02:48:38,nan
2019/09/09 03:48:38,256.052734375
2019/09/09 04:48:38,nan
2019/09/09 05:48:38,256.841796875
2019/09/09 06:48:38,nan
2019/09/09 07:48:38,255.423828125
2019/09/09 08:48:38,255.1142578125
2019/09/09 09:48:38,nan
2019/09/09 10:48:38,255.787109375
2019/09/09 11:48:38,nan
2019/09/09 12:48:38,254.546875
2019/09/09 13:48:38,254.9228515625
2019/09/09 14:48:38,nan
2019/09/09 15:48:38,255.783203125
2019/09/09 16:48:38,nan
2019/09/09 17:48:38,256.5439453125
2019/09/09 18:48:38,258.0546875
2019/09/09 19:48:38,nan
2019/09/09 20:48:38,nan
2019/09/09 21:48:38,nan
2019/09/09 22:48:38,nan
2019/09/09 23:48:38,259.84765625
2019/09/10 00:48:38,nan
2019/09/10 01:48:38,nan
2019/09/10 02:48:38,nan
2019/09/10 03:48:38,nan
2019/09/10 04:48:38,nan
2019/09/10 05:48:38,nan
2019/09/10 06:48:38,nan
2019/09/10 07:48:38,259.26953125
2019/09/10 08:48:38,nan
2019/09/10 09:48:38,260.2255859375
2019/09/10 10:48:38,264.4501953125
2019/09/10 11:48:38,265.7197265625
2019/09/10 12:48:38,nan
2019/09/10 13:48:38,nan
2019/09/10 14:48:38,nan
2019/09/10 15:48:38,nan
2019/09/10 16:48:38,265.0166015625
2019/09/10 17:48:38,259.884765625
2019/09/10 18:48:38,nan
2019/09/10 19:48:38,260.6279296875
2019/09/10 20:48:38,nan
2019/09/10 21:48:38,nan
2019/09/10 22:48:38,263.345703125
2019/09/10 23:48:38,nan
2019/09/11 00:48:38,262.2919921875
2019/09/11 01:48:38,260.4921875
2019/09/11 02:48:38,nan
2019/09/11 03:48:38,261.3896484375
2019/09/11 04:48:38,259.3603515625
2019/09/11 05:48:38,257.8203125
2019/09/11 06:48:38,258.1103515625
2019/09/11 07:48:38,nan
2019/09/11 08:48:38,257.6162109375
2019/09/11 09:48:38,262.638671875
2019/09/11 10:48:38,261.27734375
2019/09/11 11:48:38,260.5078125
2019/09/11 12:48:38,nan
2019/09/11 13:48:38,260.2763671875
2019/09/11 14:48:38,260.66015625
2019/09/11 15:48:38,261.7373046875
2019/09/11 16:48:38,261.3837890625
2019/09/11 17:48:38,nan
2019/09/11 18:48:38,259.9375
2019/09/11 19:48:38,259.5517578125
2019/09/11 20:48:38,259.7421875
2019/09/11 21:48:38,260.001953125
2019/09/11 22:48:38,259.9560546875
2019/09/11 23:48:38,259.7197265625
2019/09/12 00:48:38,260.6318359375
2019/09/12 01:48:38,nan
2019/09/12 02:48:38,264.4599609375
2019/09/12 03:48:38,nan
2019/09/12 04:48:38,nan
2019/09/12 05:48:38,nan
2019/09/12 06:48:38,nan
2019/09/12 07:48:38,nan
2019/09/12 08:48:38,262.08984375
2019/09/12 09:48:38,262.0146484375
2019/09/12 10:48:38,nan
2019/09/12 11:48:38,nan
2019/09/12 12:48:38,nan
2019/09/12 13:48:38,nan
2019/09/12 14:48:38,nan
2019/09/12 15:48:38,nan
2019/09/12 16:48:38,nan
2019/09/12 17:48:38,nan
2019/09/12 18:48:38,261.3349609375
2019/09/12 19:48:38,261.7265625
2019/09/12 20:48:38,262.1435546875
2019/09/12 21:48:38,nan
2019/09/12 22:48:38,255.2802734375
2019/09/12 23:48:38,251.578125
2019/09/13 00:48:38,256.6103515625
2019/09/13 01:48:38,254.09375
2019/09/13 02:48:38,nan
2019/09/13 03:48:38,nan
2019/09/13 04:48:38,nan
2019/09/13 05:48:38,nan
2019/09/13 06:48:38,nan
2019/09/13 07:48:38,nan
2019/09/13 08:48:38,nan
2019/09/13 09:48:38,nan
2019/09/13 10:48:38,nan
2019/09/13 11:48:38,nan
2019/09/13 12:48:38,nan
2019/09/13 13:48:38,249.078125
2019/09/13 14:48:38,261.330078125
2019/09/13 15:48:38,nan
2019/09/13 16:48:38,260.2529296875
2019/09/13 17:48:38,nan
2019/09/13 18:48:38,nan
2019/09/13 19:48:38,254.1435546875
2019/09/13 20:48:38,nan
2019/09/13 21:48:38,256.1640625
2019/09/13 22:48:38,nan
2019/09/13 23:48:38,nan
2019/09/14 00:48:38,250.7158203125
2019/09/14 01:48:38,nan
2019/09/14 02:48:38,nan
2019/09/14 03:48:38,nan
2019/09/14 04:48:38,250.8369140625
2019/09/14 05:48:38,249.8359375
2019/09/14 06:48:38,nan
2019/09/14 07:48:38,259.01953125
2019/09/14 08:48:38,256.3203125
2019/09/14 09:48:38,257.5634765625
2019/09/14 10:48:38,258.5244140625
2019/09/14 11:48:38,nan
2019/09/14 12:48:38,260.7431640625
2019/09/14 13:48:38,nan
2019/09/14 14:48:38,nan
2019/09/14 15:48:38,nan
2019/09/14 16:48:38,nan
2019/09/14 17:48:38,nan
2019/09/14 18:48:38,260.1103515625
2019/09/14 19:48:38,nan
2019/09/14 20:48:38,nan
2019/09/14 21:48:38,nan
2019/09/14 22:48:38,257.4375
2019/09/14 23:48:38,256.27734375
2019/09/15 00:48:38,nan
2019/09/15 01:48:38,261.900390625
2019/09/15 02:48:38,nan
2019/09/15 03:48:38,263.625
2019/09/15 04:48:38,254.2490234375
2019/09/15 05:48:38,nan
2019/09/15 06:48:38,254.234375
2019/09/15 07:48:38,nan
2019/09/15 08:48:38,262.5751953125
2019/09/15 09:48:38,nan
2019/09/15 10:48:38,nan
2019/09/15 11:48:38,257.6572265625
2019/09/15 12:48:38,nan
2019/09/15 13:48:38,260.09765625
2019/09/15 14:48:38,262.0927734375
2019/09/15 15:48:38,257.974609375
2019/09/15 16:48:38,261.12109375
2019/09/15 17:48:38,nan
2019/09/15 18:48:38,259.6669921875
2019/09/15 19:48:38,nan
2019/09/15 20:48:38,nan
2019/09/15 21:48:38,nan
2019/09/15 22:48:38,254.765625
2019/09/15 23:48:38,nan
2019/09/16 00:48:38,255.3779296875
2019/09/16 01:48:38,258.0234375
2019/09/16 02:48:38,256.412109375
2019/09/16 03:48:38,258.63671875
2019/09/16 04:48:38,nan
2019/09/16 05:48:38,258.341796875
2019/09/16 06:48:38,nan
2019/09/16 07:48:38,nan
2019/09/16 08:48:38,nan
2019/09/16 09:48:38,nan
2019/09/16 10:48:38,nan
2019/09/16 11:48:38,nan
2019/09/16 12:48:38,nan
2019/09/16 13:48:38,253.5732421875
2019/09/16 14:48:38,nan
2019/09/16 15:48:38,nan
2019/09/16 16:48:38,nan
2019/09/16 17:48:38,nan
2019/09/16 18:48:38,nan
2019/09/16 19:48:38,nan
2019/09/16 20:48:38,258.091796875
2019/09/16 21:48:38,257.1103515625
2019/09/16 22:48:38,262.40625
2019/09/16 23:48:38,262.3759765625
2019/09/17 00:48:38,261.1494140625
2019/09/17 01:48:38,260.7685546875
2019/09/17 02:48:38,261.2158203125
2019/09/17 03:48:38,260.4755859375
2019/09/17 04:48:38,260.5166015625
2019/09/17 05:48:38,259.4541015625
2019/09/17 06:48:38,259.08984375
2019/09/17 07:48:38,259.5390625
2019/09/17 08:48:38,nan
2019/09/17 09:48:38,258.2802734375
2019/09/17 10:48:38,257.29296875
2019/09/17 11:48:38,257.4658203125
2019/09/17 12:48:38,256.4345703125
2019/09/17 13:48:38,nan
2019/09/17 14:48:38,256.4853515625
2019/09/17 15:48:38,255.7470703125
2019/09/17 16:48:38,256.986328125
2019/09/17 17:48:38,254.8359375
2019/09/17 18:48:38,nan
2019/09/17 19:48:38,255.6337890625
2019/09/17 20:48:38,256.232421875
2019/09/17 21:48:38,253.724609375
2019/09/17 22:48:38,256.966796875
2019/09/17 23:48:38,256.3349609375
2019/09/18 00:48:38,256.86328125
2019/09/18 01:48:38,nan
2019/09/18 02:48:38,255.533203125
2019/09/18 03:48:38,256.416015625
2019/09/18 04:48:38,nan
2019/09/18 05:48:38,nan
2019/09/18 06:48:38,nan
2019/09/18 07:48:38,nan
2019/09/18 08:48:38,247.0
2019/09/18 09:48:38,256.0869140625
2019/09/18 10:48:38,258.82421875
2019/09/18 11:48:38,259.3671875
2019/09/18 12:48:38,nan
2019/09/18 13:48:38,246.25390625
2019/09/18 14:48:38,nan
2019/09/18 15:48:38,244.9345703125
2019/09/18 16:48:38,nan
2019/09/18 17:48:38,nan
2019/09/18 18:48:38,nan
2019/09/18 19:48:38,nan
2019/09/18 20:48:38,nan
2019/09/18 21:48:38,247.4697265625
2019/09/18 22:48:38,nan
2019/09/18 23:48:38,249.2353515625
2019/09/19 00:48:38,251.900390625
2019/09/19 01:48:38,252.98046875
2019/09/19 02:48:38,nan
2019/09/19 03:48:38,nan
2019/09/19 04:48:38,258.48046875
2019/09/19 05:48:38,nan
2019/09/19 06:48:38,nan
2019/09/19 07:48:38,255.7451171875
2019/09/19 08:48:38,259.7470703125
2019/09/19 09:48:38,nan
2019/09/19 10:48:38,nan
2019/09/19 11:48:38,249.025390625
2019/09/19 12:48:38,248.0048828125
2019/09/19 13:48:38,250.1513671875
2019/09/19 14:48:38,250.1396484375
2019/09/19 15:48:38,nan
2019/09/19 16:48:38,nan
2019/09/19 17:48:38,257.330078125
2019/09/19 18:48:38,262.830078125
2019/09/19 19:48:38,nan
2019/09/19 20:48:38,261.0537109375
2019/09/19 21:48:38,nan
2019/09/19 22:48:38,250.169921875
2019/09/19 23:48:38,264.583984375
2019/09/20 00:48:38,262.486328125
2019/09/20 01:48:38,262.5146484375
2019/09/20 02:48:38,nan
2019/09/20 03:48:38,256.0
2019/09/20 04:48:38,250.4267578125
2019/09/20 05:48:38,nan
2019/09/20 06:48:38,nan
2019/09/20 07:48:38,nan
2019/09/20 08:48:38,263.9296875
2019/09/20 09:48:38,nan
2019/09/20 10:48:38,nan
2019/09/20 11:48:38,nan
2019/09/20 12:48:38,nan
2019/09/20 13:48:38,nan
2019/09/20 14:48:38,262.51953125
2019/09/20 15:48:38,262.7275390625
2019/09/20 16:48:38,261.4658203125
2019/09/20 17:48:38,259.255859375
2019/09/20 18:48:38,258.68359375
2019/09/20 19:48:38,258.97265625
2019/09/20 20:48:38,259.080078125
2019/09/20 21:48:38,261.8037109375
2019/09/20 22:48:38,nan
2019/09/20 23:48:38,259.212890625
2019/09/21 00:48:38,263.3095703125
2019/09/21 01:48:38,nan
2019/09/21 02:48:38,256.4599609375
2019/09/21 03:48:38,254.615234375
2019/09/21 04:48:38,256.9599609375
2019/09/21 05:48:38,nan
2019/09/21 06:48:38,nan
2019/09/21 07:48:38,261.07421875
2019/09/21 08:48:38,nan
2019/09/21 09:48:38,263.3017578125
2019/09/21 10:48:38,261.7529296875
2019/09/21 11:48:38,nan
2019/09/21 12:48:38,256.4033203125
2019/09/21 13:48:38,nan
2019/09/21 14:48:38,nan
2019/09/21 15:48:38,nan
2019/09/21 16:48:38,nan
2019/09/21 17:48:38,nan
2019/09/21 18:48:38,nan
2019/09/21 19:48:38,nan
2019/09/21 20:48:38,nan
2019/09/21 21:48:38,nan
2019/09/21 22:48:38,nan
2019/09/21 23:48:38,nan
2019/09/22 00:48:38,nan
2019/09/22 01:48:38,nan
2019/09/22 02:48:38,nan
2019/09/22 03:48:38,nan
2019/09/22 04:48:38,nan
2019/09/22 05:48:38,nan
2019/09/22 06:48:38,nan
2019/09/22 07:48:38,nan
2019/09/22 08:48:38,nan
2019/09/22 09:48:38,nan
2019/09/22 10:48:38,nan
2019/09/22 11:48:38,nan
2019/09/22 12:48:38,nan
2019/09/22 13:48:38,nan
2019/09/22 14:48:38,nan
2019/09/22 15:48:38,nan
2019/09/22 16:48:38,nan
2019/09/22 17:48:38,nan
2019/09/22 18:48:38,nan
2019/09/22 19:48:38,nan
2019/09/22 20:48:38,262.125
2019/09/22 21:48:38,260.1005859375
2019/09/22 22:48:38,262.908203125
2019/09/22 23:48:38,263.4697265625
2019/09/23 00:48:38,262.70703125
2019/09/23 01:48:38,263.0908203125
2019/09/23 02:48:38,263.0595703125
2019/09/23 03:48:38,263.31640625
2019/09/23 04:48:38,262.9228515625
2019/09/23 05:48:38,261.939453125
2019/09/23 06:48:38,259.3515625
2019/09/23 07:48:38,257.4833984375
2019/09/23 08:48:38,260.599609375
2019/09/23 09:48:38,nan
2019/09/23 10:48:38,257.8095703125
2019/09/23 11:48:38,nan
2019/09/23 12:48:38,252.1162109375
2019/09/23 13:48:38,252.85546875
2019/09/23 14:48:38,nan
2019/09/23 15:48:38,256.9140625
2019/09/23 16:48:38,nan
2019/09/23 17:48:38,nan
2019/09/23 18:48:38,255.4013671875
2019/09/23 19:48:38,nan
2019/09/23 20:48:38,257.73046875
2019/09/23 21:48:38,261.94921875
2019/09/23 22:48:38,nan
2019/09/23 23:48:38,262.0947265625
2019/09/24 00:48:38,nan
2019/09/24 01:48:38,258.580078125
2019/09/24 02:48:38,nan
2019/09/24 03:48:38,nan
2019/09/24 04:48:38,256.9404296875
2019/09/24 05:48:38,253.6982421875
2019/09/24 06:48:38,247.2802734375
2019/09/24 07:48:38,253.48046875
2019/09/24 08:48:38,249.509765625
2019/09/24 09:48:38,257.388671875
2019/09/24 10:48:38,258.32421875
2019/09/24 11:48:38,nan
2019/09/24 12:48:38,nan
2019/09/24 13:48:38,254.5498046875
2019/09/24 14:48:38,263.4052734375
2019/09/24 15:48:38,nan
2019/09/24 16:48:38,261.8203125
2019/09/24 17:48:38,260.017578125
2019/09/24 18:48:38,nan
2019/09/24 19:48:38,258.9423828125
2019/09/24 20:48:38,nan
2019/09/24 21:48:38,nan
2019/09/24 22:48:38,nan
2019/09/24 23:48:38,nan
2019/09/25 00:48:38,nan
2019/09/25 01:48:38,nan
2019/09/25 02:48:38,nan
2019/09/25 03:48:38,nan
2019/09/25 04:48:38,nan
2019/09/25 05:48:38,246.8251953125
2019/09/25 06:48:38,nan
2019/09/25 07:48:38,nan
2019/09/25 08:48:38,251.9091796875
2019/09/25 09:48:38,nan
2019/09/25 10:48:38,253.5146484375
2019/09/25 11:48:38,241.1552734375
2019/09/25 12:48:38,nan
2019/09/25 13:48:38,244.7080078125
2019/09/25 14:48:38,245.34765625
2019/09/25 15:48:38,239.501953125
2019/09/25 16:48:38,nan
2019/09/25 17:48:38,239.2802734375
2019/09/25 18:48:38,236.9970703125
2019/09/25 19:48:38,nan
2019/09/25 20:48:38,239.669921875
2019/09/25 21:48:38,253.4404296875
2019/09/25 22:48:38,nan
2019/09/25 23:48:38,245.138671875
2019/09/26 00:48:38,nan
2019/09/26 01:48:38,258.056640625
2019/09/26 02:48:38,259.5029296875
2019/09/26 03:48:38,nan
2019/09/26 04:48:38,253.1201171875
2019/09/26 05:48:38,nan
2019/09/26 06:48:38,251.1611328125
2019/09/26 07:48:38,nan
2019/09/26 08:48:38,nan
2019/09/26 09:48:38,256.619140625
2019/09/26 10:48:38,nan
2019/09/26 11:48:38,nan
2019/09/26 12:48:38,nan
2019/09/26 13:48:38,nan
2019/09/26 14:48:38,246.7578125
2019/09/26 15:48:38,nan
2019/09/26 16:48:38,236.18359375
2019/09/26 17:48:38,239.5
2019/09/26 18:48:38,247.1201171875
2019/09/26 19:48:38,242.7177734375
2019/09/26 20:48:38,nan
2019/09/26 21:48:38,235.1640625
2019/09/26 22:48:38,236.0830078125
2019/09/26 23:48:38,nan
2019/09/27 00:48:38,244.8203125
2019/09/27 01:48:38,247.2646484375
2019/09/27 02:48:38,nan
2019/09/27 03:48:38,241.81640625
2019/09/27 04:48:38,244.66015625
2019/09/27 05:48:38,249.39453125
2019/09/27 06:48:38,246.298828125
2019/09/27 07:48:38,nan
2019/09/27 08:48:38,245.9482421875
2019/09/27 09:48:38,256.76171875
2019/09/27 10:48:38,nan
2019/09/27 11:48:38,260.6357421875
2019/09/27 12:48:38,nan
2019/09/27 13:48:38,260.2763671875
2019/09/27 14:48:38,260.6318359375
2019/09/27 15:48:38,259.73828125
2019/09/27 16:48:38,252.796875
2019/09/27 17:48:38,nan
2019/09/27 18:48:38,260.7265625
2019/09/27 19:48:38,nan
2019/09/27 20:48:38,nan
2019/09/27 21:48:38,nan
2019/09/27 22:48:38,nan
2019/09/27 23:48:38,nan
2019/09/28 00:48:38,249.400390625
2019/09/28 01:48:38,nan
2019/09/28 02:48:38,nan
2019/09/28 03:48:38,nan
2019/09/28 04:48:38,nan
2019/09/28 05:48:38,nan
2019/09/28 06:48:38,nan
2019/09/28 07:48:38,nan
2019/09/28 08:48:38,nan
2019/09/28 09:48:38,nan
2019/09/28 10:48:38,nan
2019/09/28 11:48:38,nan
2019/09/28 12:48:38,nan
2019/09/28 13:48:38,nan
2019/09/28 14:48:38,nan
2019/09/28 15:48:38,nan
2019/09/28 16:48:38,nan
2019/09/28 17:48:38,nan
2019/09/28 18:48:38,nan
2019/09/28 19:48:38,nan
2019/09/28 20:48:38,nan
2019/09/28 21:48:38,nan
2019/09/28 22:48:38,nan
2019/09/28 23:48:38,nan
2019/09/29 00:48:38,nan
2019/09/29 01:48:38,nan
2019/09/29 02:48:38,nan
2019/09/29 03:48:38,nan
2019/09/29 04:48:38,nan
2019/09/29 05:48:38,nan
2019/09/29 06:48:38,nan
2019/09/29 07:48:38,nan
2019/09/29 08:48:38,nan
2019/09/29 09:48:38,nan
2019/09/29 10:48:38,254.796875
2019/09/29 11:48:38,251.9130859375
2019/09/29 12:48:38,nan
2019/09/29 13:48:38,247.6103515625
2019/09/29 14:48:38,251.5947265625
2019/09/29 15:48:38,nan
2019/09/29 16:48:38,nan
2019/09/29 17:48:38,253.259765625
2019/09/29 18:48:38,251.7568359375
2019/09/29 19:48:38,nan
2019/09/29 20:48:38,nan
2019/09/29 21:48:38,nan
2019/09/29 22:48:38,nan
2019/09/29 23:48:38,nan
2019/09/30 00:48:38,nan
2019/09/30 01:48:38,nan
2019/09/30 02:48:38,237.72265625
2019/09/30 03:48:38,250.7041015625
2019/09/30 04:48:38,251.236328125
2019/09/30 05:48:38,245.8583984375
2019/09/30 06:48:38,248.1533203125
2019/09/30 07:48:38,nan
2019/09/30 08:48:38,nan
2019/09/30 09:48:38,nan
2019/09/30 10:48:38,nan
2019/09/30 11:48:38,nan
2019/09/30 12:48:38,nan
2019/09/30 13:48:38,251.76171875
2019/09/30 14:48:38,261.5302734375
2019/09/30 15:48:38,nan
2019/09/30 16:48:38,nan
2019/09/30 17:48:38,nan
2019/09/30 18:48:38,nan
2019/09/30 19:48:38,nan
2019/09/30 20:48:38,263.6748046875
2019/09/30 21:48:38,nan
2019/09/30 22:48:38,nan
2019/09/30 23:48:38,nan
2019/10/01 00:48:38,nan
2019/10/01 01:48:38,nan
2019/10/01 02:48:38,260.2646484375
2019/10/01 03:48:38,nan
2019/10/01 04:48:38,nan
2019/10/01 05:48:38,nan
2019/10/01 06:48:38,260.5625
2019/10/01 07:48:38,nan
2019/10/01 08:48:38,nan
2019/10/01 09:48:38,nan
2019/10/01 10:48:38,nan
2019/10/01 11:48:38,nan
2019/10/01 12:48:38,nan
2019/10/01 13:48:38,nan
2019/10/01 14:48:38,nan
2019/10/01 15:48:38,nan
2019/10/01 16:48:38,nan
2019/10/01 17:48:38,nan
2019/10/01 18:48:38,nan
2019/10/01 19:48:38,nan
2019/10/01 20:48:38,nan
2019/10/01 21:48:38,nan
2019/10/01 22:48:38,260.1787109375
2019/10/01 23:48:38,nan
2019/10/02 00:48:38,260.0
2019/10/02 01:48:38,257.5234375
2019/10/02 02:48:38,257.3525390625
2019/10/02 03:48:38,259.830078125
2019/10/02 04:48:38,nan
2019/10/02 05:48:38,259.8095703125
2019/10/02 06:48:38,259.150390625
2019/10/02 07:48:38,nan
2019/10/02 08:48:38,nan
2019/10/02 09:48:38,nan
2019/10/02 10:48:38,259.09375
2019/10/02 11:48:38,260.044921875
2019/10/02 12:48:38,259.8447265625
2019/10/02 13:48:38,258.521484375
2019/10/02 14:48:38,nan
2019/10/02 15:48:38,259.224609375
2019/10/02 16:48:38,259.232421875
2019/10/02 17:48:38,nan
2019/10/02 18:48:38,257.93359375
2019/10/02 19:48:38,259.712890625
2019/10/02 20:48:38,nan
2019/10/02 21:48:38,nan
2019/10/02 22:48:38,nan
2019/10/02 23:48:38,nan
2019/10/03 00:48:38,nan
2019/10/03 01:48:38,nan
2019/10/03 02:48:38,nan
2019/10/03 03:48:38,nan
2019/10/03 04:48:38,nan
2019/10/03 05:48:38,nan
2019/10/03 06:48:38,nan
2019/10/03 07:48:38,nan
2019/10/03 08:48:38,nan
2019/10/03 09:48:38,nan
2019/10/03 10:48:38,259.9248046875
2019/10/03 11:48:38,nan
2019/10/03 12:48:38,nan
2019/10/03 13:48:38,nan
2019/10/03 14:48:38,nan
2019/10/03 15:48:38,nan
2019/10/03 16:48:38,nan
2019/10/03 17:48:38,nan
2019/10/03 18:48:38,nan
2019/10/03 19:48:38,nan
2019/10/03 20:48:38,nan
2019/10/03 21:48:38,nan
2019/10/03 22:48:38,nan
2019/10/03 23:48:38,nan
2019/10/04 00:48:38,nan
2019/10/04 01:48:38,nan
2019/10/04 02:48:38,nan
2019/10/04 03:48:38,nan
2019/10/04 04:48:38,nan
2019/10/04 05:48:38,nan
2019/10/04 06:48:38,nan
2019/10/04 07:48:38,nan
2019/10/04 08:48:38,255.7802734375
2019/10/04 09:48:38,nan
2019/10/04 10:48:38,nan
2019/10/04 11:48:38,nan
2019/10/04 12:48:38,nan
2019/10/04 13:48:38,nan
2019/10/04 14:48:38,nan
2019/10/04 15:48:38,nan
2019/10/04 16:48:38,nan
2019/10/04 17:48:38,nan
2019/10/04 18:48:38,nan
2019/10/04 19:48:38,nan
2019/10/04 20:48:38,nan
2019/10/04 21:48:38,nan
2019/10/04 22:48:38,nan
2019/10/04 23:48:38,nan
2019/10/05 00:48:38,nan
2019/10/05 01:48:38,nan
2019/10/05 02:48:38,256.5107421875
2019/10/05 03:48:38,257.099609375
2019/10/05 04:48:38,nan
2019/10/05 05:48:38,257.16015625
2019/10/05 06:48:38,nan
2019/10/05 07:48:38,nan
2019/10/05 08:48:38,259.8779296875
2019/10/05 09:48:38,259.7822265625
2019/10/05 10:48:38,259.5595703125
2019/10/05 11:48:38,259.5859375
2019/10/05 12:48:38,nan
2019/10/05 13:48:38,nan
2019/10/05 14:48:38,nan
2019/10/05 15:48:38,nan
2019/10/05 16:48:38,nan
2019/10/05 17:48:38,nan
2019/10/05 18:48:38,nan
2019/10/05 19:48:38,nan
2019/10/05 20:48:38,nan
2019/10/05 21:48:38,nan
2019/10/05 22:48:38,263.00390625
2019/10/05 23:48:38,263.58984375
2019/10/06 00:48:38,263.107421875
2019/10/06 01:48:38,261.7529296875
2019/10/06 02:48:38,nan
2019/10/06 03:48:38,259.9423828125
2019/10/06 04:48:38,259.7470703125
2019/10/06 05:48:38,nan
2019/10/06 06:48:38,259.291015625
2019/10/06 07:48:38,nan
2019/10/06 08:48:38,nan
2019/10/06 09:48:38,260.6103515625
2019/10/06 10:48:38,nan
2019/10/06 11:48:38,nan
2019/10/06 12:48:38,nan
2019/10/06 13:48:38,nan
2019/10/06 14:48:38,nan
2019/10/06 15:48:38,250.9970703125
2019/10/06 16:48:38,nan
2019/10/06 17:48:38,nan
2019/10/06 18:48:38,nan
2019/10/06 19:48:38,nan
2019/10/06 20:48:38,nan
2019/10/06 21:48:38,nan
2019/10/06 22:48:38,nan
2019/10/06 23:48:38,241.603515625
2019/10/07 00:48:38,259.15234375
2019/10/07 01:48:38,nan
2019/10/07 02:48:38,231.2314453125
2019/10/07 03:48:38,nan
2019/10/07 04:48:38,256.7099609375
2019/10/07 05:48:38,262.453125
2019/10/07 06:48:38,nan
2019/10/07 07:48:38,nan
2019/10/07 08:48:38,nan
2019/10/07 09:48:38,256.955078125
2019/10/07 10:48:38,254.74609375
2019/10/07 11:48:38,nan
2019/10/07 12:48:38,254.712890625
2019/10/07 13:48:38,251.6796875
2019/10/07 14:48:38,nan
2019/10/07 15:48:38,256.65625
2019/10/07 16:48:38,nan
2019/10/07 17:48:38,258.0205078125
2019/10/07 18:48:38,263.169921875
2019/10/07 19:48:38,260.5087890625
2019/10/07 20:48:38,258.2763671875
2019/10/07 21:48:38,257.1201171875
2019/10/07 22:48:38,260.5185546875
2019/10/07 23:48:38,nan
2019/10/08 00:48:38,nan
2019/10/08 01:48:38,nan
2019/10/08 02:48:38,nan
2019/10/08 03:48:38,250.2861328125
2019/10/08 04:48:38,256.1552734375
2019/10/08 05:48:38,nan
2019/10/08 06:48:38,247.9697265625
2019/10/08 07:48:38,252.4453125
2019/10/08 08:48:38,250.6982421875
2019/10/08 09:48:38,254.4013671875
2019/10/08 10:48:38,nan
2019/10/08 11:48:38,253.947265625
2019/10/08 12:48:38,249.0126953125
2019/10/08 13:48:38,250.470703125
2019/10/08 14:48:38,254.1298828125
2019/10/08 15:48:38,nan
2019/10/08 16:48:38,254.150390625
2019/10/08 17:48:38,252.720703125
2019/10/08 18:48:38,251.935546875
2019/10/08 19:48:38,251.0185546875
2019/10/08 20:48:38,254.4501953125
2019/10/08 21:48:38,253.666015625
2019/10/08 22:48:38,253.92578125
2019/10/08 23:48:38,253.69921875
2019/10/09 00:48:38,252.18359375
2019/10/09 01:48:38,252.2509765625
2019/10/09 02:48:38,251.6240234375
2019/10/09 03:48:38,250.5400390625
2019/10/09 04:48:38,250.431640625
2019/10/09 05:48:38,250.0576171875
2019/10/09 06:48:38,nan
2019/10/09 07:48:38,nan
2019/10/09 08:48:38,nan
2019/10/09 09:48:38,nan
2019/10/09 10:48:38,251.8564453125
2019/10/09 11:48:38,nan
2019/10/09 12:48:38,248.4423828125
2019/10/09 13:48:38,251.61328125
2019/10/09 14:48:38,nan
2019/10/09 15:48:38,251.5703125
2019/10/09 16:48:38,nan
2019/10/09 17:48:38,nan
2019/10/09 18:48:38,254.2998046875
2019/10/09 19:48:38,nan
2019/10/09 20:48:38,nan
2019/10/09 21:48:38,255.669921875
2019/10/09 22:48:38,254.2041015625
2019/10/09 23:48:38,254.4072265625
2019/10/10 00:48:38,nan
2019/10/10 01:48:38,250.916015625
2019/10/10 02:48:38,249.724609375
2019/10/10 03:48:38,249.4052734375
2019/10/10 04:48:38,251.5498046875
2019/10/10 05:48:38,250.1064453125
2019/10/10 06:48:38,250.3955078125
2019/10/10 07:48:38,251.3203125
2019/10/10 08:48:38,252.5234375
2019/10/10 09:48:38,251.544921875
2019/10/10 10:48:38,250.345703125
2019/10/10 11:48:38,250.59765625
2019/10/10 12:48:38,nan
2019/10/10 13:48:38,241.5869140625
2019/10/10 14:48:38,252.341796875
2019/10/10 15:48:38,nan
2019/10/10 16:48:38,nan
2019/10/10 17:48:38,252.837890625
2019/10/10 18:48:38,nan
2019/10/10 19:48:38,249.8935546875
2019/10/10 20:48:38,254.1474609375
2019/10/10 21:48:38,255.169921875
2019/10/10 22:48:38,253.5849609375
2019/10/10 23:48:38,nan
2019/10/11 00:48:38,252.5869140625
2019/10/11 01:48:38,251.3603515625
2019/10/11 02:48:38,251.3017578125
2019/10/11 03:48:38,250.080078125
2019/10/11 04:48:38,nan
2019/10/11 05:48:38,252.31640625
2019/10/11 06:48:38,249.35546875
2019/10/11 07:48:38,nan
2019/10/11 08:48:38,nan
2019/10/11 09:48:38,251.2001953125
2019/10/11 10:48:38,nan
2019/10/11 11:48:38,252.697265625
2019/10/11 12:48:38,nan
2019/10/11 13:48:38,247.544921875
2019/10/11 14:48:38,250.5947265625
2019/10/11 15:48:38,nan
2019/10/11 16:48:38,254.759765625
2019/10/11 17:48:38,251.986328125
2019/10/11 18:48:38,251.26953125
2019/10/11 19:48:38,252.5498046875
2019/10/11 20:48:38,nan
2019/10/11 21:48:38,252.0
2019/10/11 22:48:38,nan
2019/10/11 23:48:38,nan
2019/10/12 00:48:38,nan
2019/10/12 01:48:38,244.6201171875
2019/10/12 02:48:38,nan
2019/10/12 03:48:38,nan
2019/10/12 04:48:38,nan
2019/10/12 05:48:38,nan
2019/10/12 06:48:38,nan
2019/10/12 07:48:38,nan
2019/10/12 08:48:38,nan
2019/10/12 09:48:38,251.970703125
2019/10/12 10:48:38,253.5
2019/10/12 11:48:38,251.5810546875
2019/10/12 12:48:38,249.0830078125
2019/10/12 13:48:38,249.0595703125
2019/10/12 14:48:38,247.7099609375
2019/10/12 15:48:38,247.00390625
2019/10/12 16:48:38,nan
2019/10/12 17:48:38,248.931640625
2019/10/12 18:48:38,248.2236328125
2019/10/12 19:48:38,248.205078125
2019/10/12 20:48:38,248.4052734375
2019/10/12 21:48:38,248.107421875
2019/10/12 22:48:38,nan
2019/10/12 23:48:38,251.3203125
2019/10/13 00:48:38,249.568359375
2019/10/13 01:48:38,249.427734375
2019/10/13 02:48:38,nan
2019/10/13 03:48:38,249.638671875
2019/10/13 04:48:38,nan
2019/10/13 05:48:38,nan
2019/10/13 06:48:38,253.6201171875
2019/10/13 07:48:38,nan
2019/10/13 08:48:38,249.62109375
2019/10/13 09:48:38,251.3203125
2019/10/13 10:48:38,250.7880859375
2019/10/13 11:48:38,250.5205078125
2019/10/13 12:48:38,nan
2019/10/13 13:48:38,249.7998046875
2019/10/13 14:48:38,nan
2019/10/13 15:48:38,nan
2019/10/13 16:48:38,nan
2019/10/13 17:48:38,nan
2019/10/13 18:48:38,253.0634765625
2019/10/13 19:48:38,251.353515625
2019/10/13 20:48:38,nan
2019/10/13 21:48:38,nan
2019/10/13 22:48:38,nan
2019/10/13 23:48:38,nan
2019/10/14 00:48:38,nan
2019/10/14 01:48:38,nan
2019/10/14 02:48:38,237.0498046875
2019/10/14 03:48:38,nan
2019/10/14 04:48:38,nan
2019/10/14 05:48:38,nan
2019/10/14 06:48:38,nan
2019/10/14 07:48:38,nan
2019/10/14 08:48:38,nan
2019/10/14 09:48:38,248.8203125
2019/10/14 10:48:38,249.2841796875
2019/10/14 11:48:38,nan
2019/10/14 12:48:38,nan
2019/10/14 13:48:38,251.9462890625
2019/10/14 14:48:38,251.20703125
2019/10/14 15:48:38,250.783203125
2019/10/14 16:48:38,nan
2019/10/14 17:48:38,nan
2019/10/14 18:48:38,nan
2019/10/14 19:48:38,nan
2019/10/14 20:48:38,nan
2019/10/14 21:48:38,nan
2019/10/14 22:48:38,nan
2019/10/14 23:48:38,252.734375
2019/10/15 00:48:38,252.7197265625
2019/10/15 01:48:38,254.490234375
2019/10/15 02:48:38,256.0947265625
2019/10/15 03:48:38,nan
2019/10/15 04:48:38,nan
2019/10/15 05:48:38,nan
2019/10/15 06:48:38,nan
2019/10/15 07:48:38,255.236328125
2019/10/15 08:48:38,nan
2019/10/15 09:48:38,nan
2019/10/15 10:48:38,nan
2019/10/15 11:48:38,251.9677734375
2019/10/15 12:48:38,nan
2019/10/15 13:48:38,251.078125
2019/10/15 14:48:38,252.91796875
2019/10/15 15:48:38,nan
2019/10/15 16:48:38,255.818359375
2019/10/15 17:48:38,nan
2019/10/15 18:48:38,254.908203125
2019/10/15 19:48:38,253.0478515625
2019/10/15 20:48:38,nan
2019/10/15 21:48:38,nan
2019/10/15 22:48:38,nan
2019/10/15 23:48:38,nan
2019/10/16 00:48:38,nan
2019/10/16 01:48:38,nan
2019/10/16 02:48:38,251.4033203125
2019/10/16 03:48:38,nan
2019/10/16 04:48:38,253.12109375
2019/10/16 05:48:38,nan
2019/10/16 06:48:38,nan
2019/10/16 07:48:38,nan
2019/10/16 08:48:38,nan
2019/10/16 09:48:38,nan
2019/10/16 10:48:38,nan
2019/10/16 11:48:38,nan
2019/10/16 12:48:38,nan
2019/10/16 13:48:38,nan
2019/10/16 14:48:38,nan
2019/10/16 15:48:38,248.990234375
2019/10/16 16:48:38,nan
2019/10/16 17:48:38,248.3359375
2019/10/16 18:48:38,nan
2019/10/16 19:48:38,nan
2019/10/16 20:48:38,nan
2019/10/16 21:48:38,nan
2019/10/16 22:48:38,nan
2019/10/16 23:48:38,nan
2019/10/17 00:48:38,nan
2019/10/17 01:48:38,252.34765625
2019/10/17 02:48:38,252.275390625
2019/10/17 03:48:38,252.6611328125
2019/10/17 04:48:38,251.6796875
2019/10/17 05:48:38,nan
2019/10/17 06:48:38,nan
2019/10/17 07:48:38,nan
2019/10/17 08:48:38,nan
2019/10/17 09:48:38,nan
2019/10/17 10:48:38,nan
2019/10/17 11:48:38,nan
2019/10/17 12:48:38,250.0224609375
2019/10/17 13:48:38,250.5947265625
2019/10/17 14:48:38,249.1181640625
2019/10/17 15:48:38,nan
2019/10/17 16:48:38,248.2626953125
2019/10/17 17:48:38,nan
2019/10/17 18:48:38,nan
2019/10/17 19:48:38,nan
2019/10/17 20:48:38,nan
2019/10/17 21:48:38,nan
2019/10/17 22:48:38,nan
2019/10/17 23:48:38,nan
2019/10/18 00:48:38,nan
2019/10/18 01:48:38,nan
2019/10/18 02:48:38,nan
2019/10/18 03:48:38,nan
2019/10/18 04:48:38,nan
2019/10/18 05:48:38,nan
2019/10/18 06:48:38,nan
2019/10/18 07:48:38,nan
2019/10/18 08:48:38,nan
2019/10/18 09:48:38,nan
2019/10/18 10:48:38,nan
2019/10/18 11:48:38,nan
2019/10/18 12:48:38,nan
2019/10/18 13:48:38,nan
2019/10/18 14:48:38,nan
2019/10/18 15:48:38,nan
2019/10/18 16:48:38,nan
2019/10/18 17:48:38,nan
2019/10/18 18:48:38,nan
2019/10/18 19:48:38,nan
2019/10/18 20:48:38,nan
2019/10/18 21:48:38,nan
2019/10/18 22:48:38,nan
2019/10/18 23:48:38,nan
2019/10/19 00:48:38,nan
2019/10/19 01:48:38,nan
2019/10/19 02:48:38,nan
2019/10/19 03:48:38,nan
2019/10/19 04:48:38,nan
2019/10/19 05:48:38,nan
2019/10/19 06:48:38,nan
2019/10/19 07:48:38,nan
2019/10/19 08:48:38,nan
2019/10/19 09:48:38,nan
2019/10/19 10:48:38,nan
2019/10/19 11:48:38,nan
2019/10/19 12:48:38,nan
2019/10/19 13:48:38,nan
2019/10/19 14:48:38,251.4853515625
2019/10/19 15:48:38,nan
2019/10/19 16:48:38,249.615234375
2019/10/19 17:48:38,nan
2019/10/19 18:48:38,nan
2019/10/19 19:48:38,252.2802734375
2019/10/19 20:48:38,nan
2019/10/19 21:48:38,nan
2019/10/19 22:48:38,nan
2019/10/19 23:48:38,254.8720703125
2019/10/20 00:48:38,252.896484375
2019/10/20 01:48:38,nan
2019/10/20 02:48:38,nan
2019/10/20 03:48:38,nan
2019/10/20 04:48:38,nan
2019/10/20 05:48:38,nan
2019/10/20 06:48:38,nan
2019/10/20 07:48:38,nan
2019/10/20 08:48:38,nan
2019/10/20 09:48:38,nan
2019/10/20 10:48:38,nan
2019/10/20 11:48:38,nan
2019/10/20 12:48:38,nan
2019/10/20 13:48:38,nan
2019/10/20 14:48:38,nan
2019/10/20 15:48:38,nan
2019/10/20 16:48:38,246.169921875
2019/10/20 17:48:38,nan
2019/10/20 18:48:38,253.1064453125
2019/10/20 19:48:38,nan
2019/10/20 20:48:38,nan
2019/10/20 21:48:38,253.26953125
2019/10/20 22:48:38,nan
2019/10/20 23:48:38,nan
2019/10/21 00:48:38,nan
2019/10/21 01:48:38,250.4677734375
2019/10/21 02:48:38,nan
2019/10/21 03:48:38,nan
2019/10/21 04:48:38,248.03125
2019/10/21 05:48:38,nan
2019/10/21 06:48:38,248.7646484375
2019/10/21 07:48:38,255.90234375
2019/10/21 08:48:38,nan
2019/10/21 09:48:38,nan
2019/10/21 10:48:38,nan
2019/10/21 11:48:38,nan
2019/10/21 12:48:38,nan
2019/10/21 13:48:38,nan
2019/10/21 14:48:38,nan
2019/10/21 15:48:38,nan
2019/10/21 16:48:38,249.232421875
2019/10/21 17:48:38,nan
2019/10/21 18:48:38,nan
2019/10/21 19:48:38,nan
2019/10/21 20:48:38,nan
2019/10/21 21:48:38,nan
2019/10/21 22:48:38,253.7666015625
2019/10/21 23:48:38,nan
2019/10/22 00:48:38,nan
2019/10/22 01:48:38,nan
2019/10/22 02:48:38,nan
2019/10/22 03:48:38,254.2802734375
2019/10/22 04:48:38,256.2431640625
2019/10/22 05:48:38,258.1298828125
2019/10/22 06:48:38,nan
2019/10/22 07:48:38,nan
2019/10/22 08:48:38,nan
2019/10/22 09:48:38,257.8681640625
2019/10/22 10:48:38,nan
2019/10/22 11:48:38,nan
2019/10/22 12:48:38,nan
2019/10/22 13:48:38,nan
2019/10/22 14:48:38,nan
2019/10/22 15:48:38,nan
2019/10/22 16:48:38,nan
2019/10/22 17:48:38,251.7119140625
2019/10/22 18:48:38,251.4443359375
2019/10/22 19:48:38,255.79296875
2019/10/22 20:48:38,nan
2019/10/22 21:48:38,nan
2019/10/22 22:48:38,nan
2019/10/22 23:48:38,nan
2019/10/23 00:48:38,nan
2019/10/23 01:48:38,nan
2019/10/23 02:48:38,247.625
2019/10/23 03:48:38,nan
2019/10/23 04:48:38,nan
2019/10/23 05:48:38,nan
2019/10/23 06:48:38,nan
2019/10/23 07:48:38,247.904296875
2019/10/23 08:48:38,nan
2019/10/23 09:48:38,nan
2019/10/23 10:48:38,nan
2019/10/23 11:48:38,nan
2019/10/23 12:48:38,248.8984375
2019/10/23 13:48:38,nan
2019/10/23 14:48:38,248.77734375
2019/10/23 15:48:38,248.6279296875
2019/10/23 16:48:38,250.54296875
2019/10/23 17:48:38,248.8046875
2019/10/23 18:48:38,nan
2019/10/23 19:48:38,nan
2019/10/23 20:48:38,247.4697265625
2019/10/23 21:48:38,nan
2019/10/23 22:48:38,247.4873046875
2019/10/23 23:48:38,246.6845703125
2019/10/24 00:48:38,246.4296875
2019/10/24 01:48:38,247.48046875
2019/10/24 02:48:38,nan
2019/10/24 03:48:38,nan
2019/10/24 04:48:38,251.9453125
2019/10/24 05:48:38,nan
2019/10/24 06:48:38,248.9169921875
2019/10/24 07:48:38,245.306640625
2019/10/24 08:48:38,245.2939453125
2019/10/24 09:48:38,244.453125
2019/10/24 10:48:38,nan
2019/10/24 11:48:38,243.548828125
2019/10/24 12:48:38,243.7900390625
2019/10/24 13:48:38,243.6220703125
2019/10/24 14:48:38,243.1484375
2019/10/24 15:48:38,nan
2019/10/24 16:48:38,241.63671875
2019/10/24 17:48:38,238.2265625
2019/10/24 18:48:38,240.650390625
2019/10/24 19:48:38,240.2373046875
2019/10/24 20:48:38,238.5302734375
2019/10/24 21:48:38,242.298828125
2019/10/24 22:48:38,nan
2019/10/24 23:48:38,243.4296875
2019/10/25 00:48:38,245.40625
2019/10/25 01:48:38,243.794921875
2019/10/25 02:48:38,243.41796875
2019/10/25 03:48:38,243.400390625
2019/10/25 04:48:38,243.33984375
2019/10/25 05:48:38,244.4775390625
2019/10/25 06:48:38,244.412109375
2019/10/25 07:48:38,243.857421875
2019/10/25 08:48:38,245.861328125
2019/10/25 09:48:38,nan
2019/10/25 10:48:38,245.822265625
2019/10/25 11:48:38,244.9365234375
2019/10/25 12:48:38,243.787109375
2019/10/25 13:48:38,243.3076171875
2019/10/25 14:48:38,nan
2019/10/25 15:48:38,244.7041015625
2019/10/25 16:48:38,243.68359375
2019/10/25 17:48:38,243.6962890625
2019/10/25 18:48:38,243.21875
2019/10/25 19:48:38,nan
2019/10/25 20:48:38,nan
2019/10/25 21:48:38,nan
2019/10/25 22:48:38,nan
2019/10/25 23:48:38,nan
2019/10/26 00:48:38,nan
2019/10/26 01:48:38,nan
2019/10/26 02:48:38,nan
2019/10/26 03:48:38,nan
2019/10/26 04:48:38,nan
2019/10/26 05:48:38,nan
2019/10/26 06:48:38,nan
2019/10/26 07:48:38,nan
2019/10/26 08:48:38,nan
2019/10/26 09:48:38,nan
2019/10/26 10:48:38,nan
2019/10/26 11:48:38,nan
2019/10/26 12:48:38,252.759765625
2019/10/26 13:48:38,nan
2019/10/26 14:48:38,nan
2019/10/26 15:48:38,nan
2019/10/26 16:48:38,nan
2019/10/26 17:48:38,nan
2019/10/26 18:48:38,nan
2019/10/26 19:48:38,nan
2019/10/26 20:48:38,nan
2019/10/26 21:48:38,nan
2019/10/26 22:48:38,248.400390625
2019/10/26 23:48:38,nan
2019/10/27 00:48:38,nan
2019/10/27 01:48:38,nan
2019/10/27 02:48:38,nan
2019/10/27 03:48:38,nan
2019/10/27 04:48:38,nan
2019/10/27 05:48:38,nan
2019/10/27 06:48:38,nan
2019/10/27 07:48:38,nan
2019/10/27 08:48:38,nan
2019/10/27 09:48:38,249.150390625
2019/10/27 10:48:38,nan
2019/10/27 11:48:38,nan
2019/10/27 12:48:38,nan
2019/10/27 13:48:38,nan
2019/10/27 14:48:38,246.296875
2019/10/27 15:48:38,245.205078125
2019/10/27 16:48:38,245.6240234375
2019/10/27 17:48:38,245.244140625
2019/10/27 18:48:38,nan
2019/10/27 19:48:38,nan
2019/10/27 20:48:38,nan
2019/10/27 21:48:38,248.615234375
2019/10/27 22:48:38,nan
2019/10/27 23:48:38,244.7626953125
2019/10/28 00:48:38,nan
2019/10/28 01:48:38,nan
2019/10/28 02:48:38,nan
2019/10/28 03:48:38,nan
2019/10/28 04:48:38,250.599609375
2019/10/28 05:48:38,250.080078125
2019/10/28 06:48:38,nan
2019/10/28 07:48:38,249.6904296875
2019/10/28 08:48:38,nan
2019/10/28 09:48:38,248.787109375
2019/10/28 10:48:38,nan
2019/10/28 11:48:38,nan
2019/10/28 12:48:38,249.3603515625
2019/10/28 13:48:38,nan
2019/10/28 14:48:38,nan
2019/10/28 15:48:38,nan
2019/10/28 16:48:38,nan
2019/10/28 17:48:38,nan
2019/10/28 18:48:38,249.3154296875
2019/10/28 19:48:38,nan
2019/10/28 20:48:38,248.6201171875
2019/10/28 21:48:38,nan
2019/10/28 22:48:38,248.26953125
2019/10/28 23:48:38,247.5703125
2019/10/29 00:48:38,nan
2019/10/29 01:48:38,nan
2019/10/29 02:48:38,nan
2019/10/29 03:48:38,nan
2019/10/29 04:48:38,nan
2019/10/29 05:48:38,nan
2019/10/29 06:48:38,nan
2019/10/29 07:48:38,nan
2019/10/29 08:48:38,nan
2019/10/29 09:48:38,nan
2019/10/29 10:48:38,nan
2019/10/29 11:48:38,246.599609375
2019/10/29 12:48:38,nan
2019/10/29 13:48:38,nan
2019/10/29 14:48:38,nan
2019/10/29 15:48:38,nan
2019/10/29 16:48:38,nan
2019/10/29 17:48:38,nan
2019/10/29 18:48:38,nan
2019/10/29 19:48:38,nan
2019/10/29 20:48:38,nan
2019/10/29 21:48:38,nan
2019/10/29 22:48:38,nan
2019/10/29 23:48:38,nan
2019/10/30 00:48:38,nan
2019/10/30 01:48:38,nan
2019/10/30 02:48:38,nan
2019/10/30 03:48:38,249.8818359375
2019/10/30 04:48:38,247.88671875
2019/10/30 05:48:38,245.5087890625
2019/10/30 06:48:38,245.1826171875
2019/10/30 07:48:38,244.55859375
2019/10/30 08:48:38,nan
2019/10/30 09:48:38,nan
2019/10/30 10:48:38,250.419921875
2019/10/30 11:48:38,nan
2019/10/30 12:48:38,249.2470703125
2019/10/30 13:48:38,250.322265625
2019/10/30 14:48:38,nan
2019/10/30 15:48:38,nan
2019/10/30 16:48:38,nan
2019/10/30 17:48:38,nan
2019/10/30 18:48:38,248.8837890625
2019/10/30 19:48:38,nan
2019/10/30 20:48:38,nan
2019/10/30 21:48:38,nan
2019/10/30 22:48:38,248.9501953125
2019/10/30 23:48:38,249.5654296875
2019/10/31 00:48:38,nan
2019/10/31 01:48:38,248.4384765625
2019/10/31 02:48:38,247.7802734375
2019/10/31 03:48:38,247.5234375
2019/10/31 04:48:38,247.38671875
2019/10/31 05:48:38,nan
2019/10/31 06:48:38,247.1748046875
2019/10/31 07:48:38,nan
2019/10/31 08:48:38,nan
2019/10/31 09:48:38,246.5400390625
2019/10/31 10:48:38,246.830078125
2019/10/31 11:48:38,246.0224609375
2019/10/31 12:48:38,245.0400390625
2019/10/31 13:48:38,244.48828125
2019/10/31 14:48:38,nan
2019/10/31 15:48:38,nan
2019/10/31 16:48:38,244.0380859375
2019/10/31 17:48:38,242.669921875
2019/10/31 18:48:38,243.4833984375
2019/10/31 19:48:38,242.7734375
2019/10/31 20:48:38,nan
2019/10/31 21:48:38,nan
2019/10/31 22:48:38,nan
2019/10/31 23:48:38,243.9296875
2019/11/01 00:48:38,242.2822265625
2019/11/01 01:48:38,nan
2019/11/01 02:48:38,242.17578125
2019/11/01 03:48:38,nan
2019/11/01 04:48:38,240.1630859375
2019/11/01 05:48:38,241.9697265625
2019/11/01 06:48:38,nan
2019/11/01 07:48:38,nan
2019/11/01 08:48:38,nan
2019/11/01 09:48:38,242.3203125
2019/11/01 10:48:38,241.6845703125
2019/11/01 11:48:38,nan
2019/11/01 12:48:38,nan
2019/11/01 13:48:38,nan
2019/11/01 14:48:38,nan
2019/11/01 15:48:38,nan
2019/11/01 16:48:38,nan
2019/11/01 17:48:38,nan
2019/11/01 18:48:38,nan
2019/11/01 19:48:38,nan
2019/11/01 20:48:38,nan
2019/11/01 21:48:38,nan
2019/11/01 22:48:38,nan
2019/11/01 23:48:38,nan
2019/11/02 00:48:38,nan
2019/11/02 01:48:38,nan
2019/11/02 02:48:38,nan
2019/11/02 03:48:38,nan
2019/11/02 04:48:38,249.931640625
2019/11/02 05:48:38,nan
2019/11/02 06:48:38,246.4140625
2019/11/02 07:48:38,242.6337890625
2019/11/02 08:48:38,243.6142578125
2019/11/02 09:48:38,241.4541015625
2019/11/02 10:48:38,nan
2019/11/02 11:48:38,241.7548828125
2019/11/02 12:48:38,240.9697265625
2019/11/02 13:48:38,241.9599609375
2019/11/02 14:48:38,nan
2019/11/02 15:48:38,nan
2019/11/02 16:48:38,nan
2019/11/02 17:48:38,nan
2019/11/02 18:48:38,nan
2019/11/02 19:48:38,nan
2019/11/02 20:48:38,nan
2019/11/02 21:48:38,nan
2019/11/02 22:48:38,nan
2019/11/02 23:48:38,nan
2019/11/03 00:48:38,nan
2019/11/03 01:48:38,nan
2019/11/03 02:48:38,nan
2019/11/03 03:48:38,nan
2019/11/03 04:48:38,nan
2019/11/03 05:48:38,nan
2019/11/03 06:48:38,nan
2019/11/03 07:48:38,nan
2019/11/03 08:48:38,nan
2019/11/03 09:48:38,nan
2019/11/03 10:48:38,nan
2019/11/03 11:48:38,nan
2019/11/03 12:48:38,nan
2019/11/03 13:48:38,nan
2019/11/03 14:48:38,nan
2019/11/03 15:48:38,nan
2019/11/03 16:48:38,nan
2019/11/03 17:48:38,nan
2019/11/03 18:48:38,nan
2019/11/03 19:48:38,nan
2019/11/03 20:48:38,nan
2019/11/03 21:48:38,nan
2019/11/03 22:48:38,nan
2019/11/03 23:48:38,nan
2019/11/04 00:48:38,nan
2019/11/04 01:48:38,nan
2019/11/04 02:48:38,nan
2019/11/04 03:48:38,nan
2019/11/04 04:48:38,nan
2019/11/04 05:48:38,nan
2019/11/04 06:48:38,nan
2019/11/04 07:48:38,245.5771484375
2019/11/04 08:48:38,nan
2019/11/04 09:48:38,241.2578125
2019/11/04 10:48:38,240.171875
2019/11/04 11:48:38,240.0986328125
2019/11/04 12:48:38,nan
2019/11/04 13:48:38,nan
2019/11/04 14:48:38,nan
2019/11/04 15:48:38,nan
2019/11/04 16:48:38,nan
2019/11/04 17:48:38,239.8017578125
2019/11/04 18:48:38,nan
2019/11/04 19:48:38,nan
2019/11/04 20:48:38,nan
2019/11/04 21:48:38,nan
2019/11/04 22:48:38,nan
2019/11/04 23:48:38,nan
2019/11/05 00:48:38,nan
2019/11/05 01:48:38,nan
2019/11/05 02:48:38,nan
2019/11/05 03:48:38,nan
2019/11/05 04:48:38,nan
2019/11/05 05:48:38,nan
2019/11/05 06:48:38,nan
2019/11/05 07:48:38,nan
2019/11/05 08:48:38,nan
2019/11/05 09:48:38,nan
2019/11/05 10:48:38,nan
2019/11/05 11:48:38,nan
2019/11/05 12:48:38,nan
2019/11/05 13:48:38,nan
2019/11/05 14:48:38,nan
2019/11/05 15:48:38,nan
2019/11/05 16:48:38,nan
2019/11/05 17:48:38,nan
2019/11/05 18:48:38,nan
2019/11/05 19:48:38,nan
2019/11/05 20:48:38,nan
2019/11/05 21:48:38,nan
2019/11/05 22:48:38,nan
2019/11/05 23:48:38,nan
2019/11/06 00:48:38,nan
2019/11/06 01:48:38,nan
2019/11/06 02:48:38,nan
2019/11/06 03:48:38,nan
2019/11/06 04:48:38,nan
2019/11/06 05:48:38,nan
2019/11/06 06:48:38,nan
2019/11/06 07:48:38,nan
2019/11/06 08:48:38,nan
2019/11/06 09:48:38,241.9990234375
2019/11/06 10:48:38,nan
2019/11/06 11:48:38,nan
2019/11/06 12:48:38,nan
2019/11/06 13:48:38,nan
2019/11/06 14:48:38,242.3818359375
2019/11/06 15:48:38,nan
2019/11/06 16:48:38,nan
2019/11/06 17:48:38,243.9287109375
2019/11/06 18:48:38,nan
2019/11/06 19:48:38,nan
2019/11/06 20:48:38,nan
2019/11/06 21:48:38,nan
2019/11/06 22:48:38,nan
2019/11/06 23:48:38,nan
2019/11/07 00:48:38,243.642578125
2019/11/07 01:48:38,240.7421875
2019/11/07 02:48:38,nan
2019/11/07 03:48:38,nan
2019/11/07 04:48:38,nan
2019/11/07 05:48:38,nan
2019/11/07 06:48:38,nan
2019/11/07 07:48:38,nan
2019/11/07 08:48:38,nan
2019/11/07 09:48:38,nan
2019/11/07 10:48:38,nan
2019/11/07 11:48:38,nan
2019/11/07 12:48:38,nan
2019/11/07 13:48:38,nan
2019/11/07 14:48:38,nan
2019/11/07 15:48:38,nan
2019/11/07 16:48:38,nan
2019/11/07 17:48:38,nan
2019/11/07 18:48:38,nan
2019/11/07 19:48:38,nan
2019/11/07 20:48:38,nan
2019/11/07 21:48:38,nan
2019/11/07 22:48:38,nan
2019/11/07 23:48:38,nan
2019/11/08 00:48:38,nan
2019/11/08 01:48:38,nan
2019/11/08 02:48:38,nan
2019/11/08 03:48:38,nan
2019/11/08 04:48:38,nan
2019/11/08 05:48:38,239.470703125
2019/11/08 06:48:38,nan
2019/11/08 07:48:38,238.4189453125
2019/11/08 08:48:38,237.654296875
2019/11/08 09:48:38,237.19140625
2019/11/08 10:48:38,236.001953125
2019/11/08 11:48:38,nan
2019/11/08 12:48:38,235.66015625
2019/11/08 13:48:38,235.6181640625
2019/11/08 14:48:38,235.0224609375
2019/11/08 15:48:38,235.20703125
2019/11/08 16:48:38,235.671875
2019/11/08 17:48:38,235.5849609375
2019/11/08 18:48:38,236.0322265625
2019/11/08 19:48:38,235.353515625
2019/11/08 20:48:38,236.0361328125
2019/11/08 21:48:38,236.9326171875
2019/11/08 22:48:38,236.7060546875
2019/11/08 23:48:38,236.28125
2019/11/09 00:48:38,236.240234375
2019/11/09 01:48:38,236.150390625
2019/11/09 02:48:38,235.3173828125
2019/11/09 03:48:38,235.7529296875
2019/11/09 04:48:38,236.744140625
2019/11/09 05:48:38,nan
2019/11/09 06:48:38,238.0029296875
2019/11/09 07:48:38,236.74609375
2019/11/09 08:48:38,237.435546875
2019/11/09 09:48:38,238.6767578125
2019/11/09 10:48:38,nan
2019/11/09 11:48:38,238.642578125
2019/11/09 12:48:38,239.1298828125
2019/11/09 13:48:38,240.19140625
2019/11/09 14:48:38,240.2197265625
2019/11/09 15:48:38,nan
2019/11/09 16:48:38,240.39453125
2019/11/09 17:48:38,nan
2019/11/09 18:48:38,241.72265625
2019/11/09 19:48:38,242.7626953125
2019/11/09 20:48:38,nan
2019/11/09 21:48:38,nan
2019/11/09 22:48:38,nan
2019/11/09 23:48:38,nan
2019/11/10 00:48:38,nan
2019/11/10 01:48:38,nan
2019/11/10 02:48:38,nan
2019/11/10 03:48:38,nan
2019/11/10 04:48:38,nan
2019/11/10 05:48:38,nan
2019/11/10 06:48:38,nan
2019/11/10 07:48:38,nan
2019/11/10 08:48:38,nan
2019/11/10 09:48:38,nan
2019/11/10 10:48:38,nan
2019/11/10 11:48:38,nan
2019/11/10 12:48:38,nan
2019/11/10 13:48:38,nan
2019/11/10 14:48:38,nan
2019/11/10 15:48:38,nan
2019/11/10 16:48:38,nan
2019/11/10 17:48:38,nan
2019/11/10 18:48:38,nan
2019/11/10 19:48:38,nan
2019/11/10 20:48:38,244.4609375
2019/11/10 21:48:38,nan
2019/11/10 22:48:38,nan
2019/11/10 23:48:38,241.26953125
2019/11/11 00:48:38,nan
2019/11/11 01:48:38,240.3359375
2019/11/11 02:48:38,nan
2019/11/11 03:48:38,240.259765625
2019/11/11 04:48:38,239.6728515625
2019/11/11 05:48:38,238.419921875
2019/11/11 06:48:38,239.0087890625
2019/11/11 07:48:38,238.5
2019/11/11 08:48:38,238.435546875
2019/11/11 09:48:38,238.65234375
2019/11/11 10:48:38,239.337890625
2019/11/11 11:48:38,238.572265625
2019/11/11 12:48:38,238.6064453125
2019/11/11 13:48:38,238.94140625
2019/11/11 14:48:38,238.9462890625
2019/11/11 15:48:38,239.609375
2019/11/11 16:48:38,239.58203125
2019/11/11 17:48:38,239.4384765625
2019/11/11 18:48:38,nan
2019/11/11 19:48:38,239.951171875
2019/11/11 20:48:38,240.3173828125
2019/11/11 21:48:38,239.9267578125
2019/11/11 22:48:38,239.1865234375
2019/11/11 23:48:38,nan
2019/11/12 00:48:38,239.9990234375
2019/11/12 01:48:38,240.4296875
2019/11/12 02:48:38,240.0703125
2019/11/12 03:48:38,241.7099609375
2019/11/12 04:48:38,nan
2019/11/12 05:48:38,nan
2019/11/12 06:48:38,nan
2019/11/12 07:48:38,nan
2019/11/12 08:48:38,nan
2019/11/12 09:48:38,nan
2019/11/12 10:48:38,nan
2019/11/12 11:48:38,nan
2019/11/12 12:48:38,nan
2019/11/12 13:48:38,nan
2019/11/12 14:48:38,nan
2019/11/12 15:48:38,nan
2019/11/12 16:48:38,nan
2019/11/12 17:48:38,nan
2019/11/12 18:48:38,nan
2019/11/12 19:48:38,nan
2019/11/12 20:48:38,nan
2019/11/12 21:48:38,248.9931640625
2019/11/12 22:48:38,nan
2019/11/12 23:48:38,253.1962890625
2019/11/13 00:48:38,252.41796875
2019/11/13 01:48:38,251.1142578125
2019/11/13 02:48:38,248.638671875
2019/11/13 03:48:38,nan
2019/11/13 04:48:38,248.1396484375
2019/11/13 05:48:38,247.861328125
2019/11/13 06:48:38,247.0244140625
2019/11/13 07:48:38,245.9697265625
2019/11/13 08:48:38,nan
2019/11/13 09:48:38,245.48828125
2019/11/13 10:48:38,244.8759765625
2019/11/13 11:48:38,243.8515625
2019/11/13 12:48:38,241.9736328125
2019/11/13 13:48:38,241.8662109375
2019/11/13 14:48:38,241.35546875
2019/11/13 15:48:38,243.7470703125
2019/11/13 16:48:38,242.849609375
2019/11/13 17:48:38,nan
2019/11/13 18:48:38,nan
2019/11/13 19:48:38,nan
2019/11/13 20:48:38,nan
2019/11/13 21:48:38,nan
2019/11/13 22:48:38,nan
2019/11/13 23:48:38,252.1845703125
2019/11/14 00:48:38,nan
2019/11/14 01:48:38,nan
2019/11/14 02:48:38,nan
2019/11/14 03:48:38,nan
2019/11/14 04:48:38,256.0595703125
2019/11/14 05:48:38,nan
2019/11/14 06:48:38,nan
2019/11/14 07:48:38,nan
2019/11/14 08:48:38,nan
2019/11/14 09:48:38,nan
2019/11/14 10:48:38,nan
2019/11/14 11:48:38,nan
2019/11/14 12:48:38,nan
2019/11/14 13:48:38,252.169921875
2019/11/14 14:48:38,252.3837890625
2019/11/14 15:48:38,nan
2019/11/14 16:48:38,251.9775390625
2019/11/14 17:48:38,nan
2019/11/14 18:48:38,250.7099609375
2019/11/14 19:48:38,250.80859375
2019/11/14 20:48:38,250.8076171875
2019/11/14 21:48:38,248.634765625
2019/11/14 22:48:38,249.6923828125
2019/11/14 23:48:38,247.5478515625
2019/11/15 00:48:38,248.205078125
2019/11/15 01:48:38,nan
2019/11/15 02:48:38,253.48046875
2019/11/15 03:48:38,nan
2019/11/15 04:48:38,nan
2019/11/15 05:48:38,nan
2019/11/15 06:48:38,253.212890625
2019/11/15 07:48:38,250.837890625
2019/11/15 08:48:38,251.41015625
2019/11/15 09:48:38,nan
2019/11/15 10:48:38,252.966796875
2019/11/15 11:48:38,nan
2019/11/15 12:48:38,nan
2019/11/15 13:48:38,255.85546875
2019/11/15 14:48:38,nan
2019/11/15 15:48:38,251.408203125
2019/11/15 16:48:38,nan
2019/11/15 17:48:38,249.7900390625
2019/11/15 18:48:38,249.3515625
2019/11/15 19:48:38,249.6708984375
2019/11/15 20:48:38,nan
2019/11/15 21:48:38,nan
2019/11/15 22:48:38,nan
2019/11/15 23:48:38,nan
2019/11/16 00:48:38,nan
2019/11/16 01:48:38,nan
2019/11/16 02:48:38,nan
2019/11/16 03:48:38,nan
2019/11/16 04:48:38,nan
2019/11/16 05:48:38,nan
2019/11/16 06:48:38,254.4521484375
2019/11/16 07:48:38,nan
2019/11/16 08:48:38,247.9775390625
2019/11/16 09:48:38,nan
2019/11/16 10:48:38,251.0166015625
2019/11/16 11:48:38,nan
2019/11/16 12:48:38,256.09375
2019/11/16 13:48:38,255.474609375
2019/11/16 14:48:38,253.65625
2019/11/16 15:48:38,nan
2019/11/16 16:48:38,250.66015625
2019/11/16 17:48:38,249.3046875
2019/11/16 18:48:38,nan
2019/11/16 19:48:38,240.4658203125
2019/11/16 20:48:38,nan
2019/11/16 21:48:38,249.1435546875
2019/11/16 22:48:38,249.7998046875
2019/11/16 23:48:38,nan
2019/11/17 00:48:38,nan
2019/11/17 01:48:38,nan
2019/11/17 02:48:38,nan
2019/11/17 03:48:38,nan
2019/11/17 04:48:38,nan
2019/11/17 05:48:38,nan
2019/11/17 06:48:38,nan
2019/11/17 07:48:38,nan
2019/11/17 08:48:38,nan
2019/11/17 09:48:38,nan
2019/11/17 10:48:38,249.9658203125
2019/11/17 11:48:38,nan
2019/11/17 12:48:38,nan
2019/11/17 13:48:38,nan
2019/11/17 14:48:38,nan
2019/11/17 15:48:38,nan
2019/11/17 16:48:38,nan
2019/11/17 17:48:38,nan
2019/11/17 18:48:38,256.46484375
2019/11/17 19:48:38,nan
2019/11/17 20:48:38,254.5244140625
2019/11/17 21:48:38,253.2939453125
2019/11/17 22:48:38,252.830078125
2019/11/17 23:48:38,252.1787109375
2019/11/18 00:48:38,nan
2019/11/18 01:48:38,250.5849609375
2019/11/18 02:48:38,249.7041015625
2019/11/18 03:48:38,249.146484375
2019/11/18 04:48:38,245.73046875
2019/11/18 05:48:38,nan
2019/11/18 06:48:38,nan
2019/11/18 07:48:38,nan
2019/11/18 08:48:38,nan
2019/11/18 09:48:38,nan
2019/11/18 10:48:38,nan
2019/11/18 11:48:38,nan
2019/11/18 12:48:38,nan
2019/11/18 13:48:38,237.1796875
2019/11/18 14:48:38,248.29296875
2019/11/18 15:48:38,nan
2019/11/18 16:48:38,245.900390625
2019/11/18 17:48:38,nan
2019/11/18 18:48:38,nan
2019/11/18 19:48:38,254.259765625
2019/11/18 20:48:38,nan
2019/11/18 21:48:38,255.6953125
2019/11/18 22:48:38,nan
2019/11/18 23:48:38,nan
2019/11/19 00:48:38,nan
2019/11/19 01:48:38,nan
2019/11/19 02:48:38,nan
2019/11/19 03:48:38,253.9404296875
2019/11/19 04:48:38,nan
2019/11/19 05:48:38,254.634765625
2019/11/19 06:48:38,nan
2019/11/19 07:48:38,nan
2019/11/19 08:48:38,nan
2019/11/19 09:48:38,nan
2019/11/19 10:48:38,252.53125
2019/11/19 11:48:38,nan
2019/11/19 12:48:38,nan
2019/11/19 13:48:38,nan
2019/11/19 14:48:38,nan
2019/11/19 15:48:38,nan
2019/11/19 16:48:38,nan
2019/11/19 17:48:38,241.53515625
2019/11/19 18:48:38,251.7978515625
2019/11/19 19:48:38,nan
2019/11/19 20:48:38,242.4072265625
2019/11/19 21:48:38,251.017578125
2019/11/19 22:48:38,247.3154296875
2019/11/19 23:48:38,249.46484375
2019/11/20 00:48:38,nan
2019/11/20 01:48:38,241.009765625
2019/11/20 02:48:38,254.7099609375
2019/11/20 03:48:38,251.3701171875
2019/11/20 04:48:38,246.7470703125
2019/11/20 05:48:38,253.6103515625
2019/11/20 06:48:38,247.8203125
2019/11/20 07:48:38,252.2841796875
2019/11/20 08:48:38,nan
2019/11/20 09:48:38,nan
2019/11/20 10:48:38,nan
2019/11/20 11:48:38,nan
2019/11/20 12:48:38,256.2998046875
2019/11/20 13:48:38,nan
2019/11/20 14:48:38,nan
2019/11/20 15:48:38,nan
2019/11/20 16:48:38,nan
2019/11/20 17:48:38,nan
2019/11/20 18:48:38,nan
2019/11/20 19:48:38,nan
2019/11/20 20:48:38,nan
2019/11/20 21:48:38,251.75
2019/11/20 22:48:38,249.96484375
2019/11/20 23:48:38,249.2109375
2019/11/21 00:48:38,249.26953125
2019/11/21 01:48:38,248.7822265625
2019/11/21 02:48:38,248.1845703125
2019/11/21 03:48:38,248.037109375
2019/11/21 04:48:38,nan
2019/11/21 05:48:38,247.9140625
2019/11/21 06:48:38,246.6904296875
2019/11/21 07:48:38,246.603515625
2019/11/21 08:48:38,246.310546875
2019/11/21 09:48:38,245.5703125
2019/11/21 10:48:38,245.5029296875
2019/11/21 11:48:38,245.9189453125
2019/11/21 12:48:38,nan
2019/11/21 13:48:38,245.2900390625
2019/11/21 14:48:38,nan
2019/11/21 15:48:38,nan
2019/11/21 16:48:38,nan
2019/11/21 17:48:38,nan
2019/11/21 18:48:38,251.23046875
2019/11/21 19:48:38,nan
2019/11/21 20:48:38,nan
2019/11/21 21:48:38,nan
2019/11/21 22:48:38,nan
2019/11/21 23:48:38,nan
2019/11/22 00:48:38,nan
2019/11/22 01:48:38,nan
2019/11/22 02:48:38,nan
2019/11/22 03:48:38,nan
2019/11/22 04:48:38,nan
2019/11/22 05:48:38,nan
2019/11/22 06:48:38,nan
2019/11/22 07:48:38,nan
2019/11/22 08:48:38,nan
2019/11/22 09:48:38,nan
2019/11/22 10:48:38,nan
2019/11/22 11:48:38,nan
2019/11/22 12:48:38,nan
2019/11/22 13:48:38,nan
2019/11/22 14:48:38,251.91015625
2019/11/22 15:48:38,nan
2019/11/22 16:48:38,nan
2019/11/22 17:48:38,nan
2019/11/22 18:48:38,nan
2019/11/22 19:48:38,nan
2019/11/22 20:48:38,nan
2019/11/22 21:48:38,nan
2019/11/22 22:48:38,nan
2019/11/22 23:48:38,nan
2019/11/23 00:48:38,nan
2019/11/23 01:48:38,nan
2019/11/23 02:48:38,nan
2019/11/23 03:48:38,nan
2019/11/23 04:48:38,234.7900390625
2019/11/23 05:48:38,nan
2019/11/23 06:48:38,nan
2019/11/23 07:48:38,nan
2019/11/23 08:48:38,nan
2019/11/23 09:48:38,nan
2019/11/23 10:48:38,nan
2019/11/23 11:48:38,nan
2019/11/23 12:48:38,nan
2019/11/23 13:48:38,nan
2019/11/23 14:48:38,nan
2019/11/23 15:48:38,nan
2019/11/23 16:48:38,nan
2019/11/23 17:48:38,nan
2019/11/23 18:48:38,nan
2019/11/23 19:48:38,nan
2019/11/23 20:48:38,nan
2019/11/23 21:48:38,nan
2019/11/23 22:48:38,nan
2019/11/23 23:48:38,nan
2019/11/24 00:48:38,nan
2019/11/24 01:48:38,nan
2019/11/24 02:48:38,nan
2019/11/24 03:48:38,nan
2019/11/24 04:48:38,nan
2019/11/24 05:48:38,nan
2019/11/24 06:48:38,nan
2019/11/24 07:48:38,nan
2019/11/24 08:48:38,nan
2019/11/24 09:48:38,nan
2019/11/24 10:48:38,nan
2019/11/24 11:48:38,nan
2019/11/24 12:48:38,nan
2019/11/24 13:48:38,nan
2019/11/24 14:48:38,nan
2019/11/24 15:48:38,nan
2019/11/24 16:48:38,nan
2019/11/24 17:48:38,nan
2019/11/24 18:48:38,nan
2019/11/24 19:48:38,nan
2019/11/24 20:48:38,nan
2019/11/24 21:48:38,nan
2019/11/24 22:48:38,nan
2019/11/24 23:48:38,nan
2019/11/25 00:48:38,nan
2019/11/25 01:48:38,nan
2019/11/25 02:48:38,nan
2019/11/25 03:48:38,nan
2019/11/25 04:48:38,nan
2019/11/25 05:48:38,nan
2019/11/25 06:48:38,nan
2019/11/25 07:48:38,nan
2019/11/25 08:48:38,nan
2019/11/25 09:48:38,nan
2019/11/25 10:48:38,nan
2019/11/25 11:48:38,nan
2019/11/25 12:48:38,nan
2019/11/25 13:48:38,nan
2019/11/25 14:48:38,nan
2019/11/25 15:48:38,nan
2019/11/25 16:48:38,nan
2019/11/25 17:48:38,nan
2019/11/25 18:48:38,nan
2019/11/25 19:48:38,nan
2019/11/25 20:48:38,nan
2019/11/25 21:48:38,nan
2019/11/25 22:48:38,nan
2019/11/25 23:48:38,nan
2019/11/26 00:48:38,nan
2019/11/26 01:48:38,nan
2019/11/26 02:48:38,nan
2019/11/26 03:48:38,nan
2019/11/26 04:48:38,nan
2019/11/26 05:48:38,nan
2019/11/26 06:48:38,nan
2019/11/26 07:48:38,nan
2019/11/26 08:48:38,nan
2019/11/26 09:48:38,nan
2019/11/26 10:48:38,nan
2019/11/26 11:48:38,nan
2019/11/26 12:48:38,nan
2019/11/26 13:48:38,nan
2019/11/26 14:48:38,nan
2019/11/26 15:48:38,nan
2019/11/26 16:48:38,nan
2019/11/26 17:48:38,nan
2019/11/26 18:48:38,nan
2019/11/26 19:48:38,nan
2019/11/26 20:48:38,nan
2019/11/26 21:48:38,nan
2019/11/26 22:48:38,nan
2019/11/26 23:48:38,nan
2019/11/27 00:48:38,nan
2019/11/27 01:48:38,nan
2019/11/27 02:48:38,nan
2019/11/27 03:48:38,nan
2019/11/27 04:48:38,nan
2019/11/27 05:48:38,nan
2019/11/27 06:48:38,nan
2019/11/27 07:48:38,nan
2019/11/27 08:48:38,nan
2019/11/27 09:48:38,239.259765625
2019/11/27 10:48:38,238.259765625
2019/11/27 11:48:38,238.02734375
2019/11/27 12:48:38,nan
2019/11/27 13:48:38,237.115234375
2019/11/27 14:48:38,236.103515625
2019/11/27 15:48:38,235.2646484375
2019/11/27 16:48:38,235.583984375
2019/11/27 17:48:38,234.86328125
2019/11/27 18:48:38,nan
2019/11/27 19:48:38,234.2998046875
2019/11/27 20:48:38,234.48046875
2019/11/27 21:48:38,234.3154296875
2019/11/27 22:48:38,234.0517578125
2019/11/27 23:48:38,nan
2019/11/28 00:48:38,234.3271484375
2019/11/28 01:48:38,234.5791015625
2019/11/28 02:48:38,234.09375
2019/11/28 03:48:38,234.8603515625
2019/11/28 04:48:38,nan
2019/11/28 05:48:38,237.2470703125
2019/11/28 06:48:38,nan
2019/11/28 07:48:38,236.236328125
2019/11/28 08:48:38,nan
2019/11/28 09:48:38,nan
2019/11/28 10:48:38,nan
2019/11/28 11:48:38,nan
2019/11/28 12:48:38,nan
2019/11/28 13:48:38,nan
2019/11/28 14:48:38,nan
2019/11/28 15:48:38,237.3330078125
2019/11/28 16:48:38,237.525390625
2019/11/28 17:48:38,237.8232421875
2019/11/28 18:48:38,236.50390625
2019/11/28 19:48:38,nan
2019/11/28 20:48:38,nan
2019/11/28 21:48:38,nan
2019/11/28 22:48:38,nan
2019/11/28 23:48:38,nan
2019/11/29 00:48:38,nan
2019/11/29 01:48:38,nan
2019/11/29 02:48:38,nan
2019/11/29 03:48:38,nan
2019/11/29 04:48:38,nan
2019/11/29 05:48:38,nan
2019/11/29 06:48:38,240.8564453125
2019/11/29 07:48:38,239.5009765625
2019/11/29 08:48:38,nan
2019/11/29 09:48:38,239.9658203125
2019/11/29 10:48:38,239.9521484375
2019/11/29 11:48:38,239.376953125
2019/11/29 12:48:38,239.24609375
2019/11/29 13:48:38,238.6064453125
2019/11/29 14:48:38,238.0498046875
2019/11/29 15:48:38,237.041015625
2019/11/29 16:48:38,237.1533203125
2019/11/29 17:48:38,236.7939453125
2019/11/29 18:48:38,237.056640625
2019/11/29 19:48:38,237.158203125
2019/11/29 20:48:38,237.474609375
2019/11/29 21:48:38,237.5068359375
2019/11/29 22:48:38,238.14453125
2019/11/29 23:48:38,238.9775390625
2019/11/30 00:48:38,238.9560546875
2019/11/30 01:48:38,240.1220703125
2019/11/30 02:48:38,nan
2019/11/30 03:48:38,240.8916015625
2019/11/30 04:48:38,240.86328125
2019/11/30 05:48:38,240.240234375
2019/11/30 06:48:38,240.8076171875
2019/11/30 07:48:38,nan
2019/11/30 08:48:38,241.0263671875
2019/11/30 09:48:38,nan
2019/11/30 10:48:38,238.080078125
2019/11/30 11:48:38,243.2900390625
2019/11/30 12:48:38,nan
2019/11/30 13:48:38,243.3798828125
2019/11/30 14:48:38,nan
2019/11/30 15:48:38,nan
2019/11/30 16:48:38,nan
2019/11/30 17:48:38,nan
2019/11/30 18:48:38,248.5595703125
2019/11/30 19:48:38,248.60546875
2019/11/30 20:48:38,246.8271484375
2019/11/30 21:48:38,247.05859375
2019/11/30 22:48:38,247.5595703125
2019/11/30 23:48:38,247.9501953125
2019/12/01 00:48:38,nan
2019/12/01 01:48:38,247.0537109375
2019/12/01 02:48:38,245.16796875
2019/12/01 03:48:38,245.83984375
2019/12/01 04:48:38,245.3662109375
2019/12/01 05:48:38,244.625
2019/12/01 06:48:38,245.0595703125
2019/12/01 07:48:38,244.2412109375
2019/12/01 08:48:38,nan
2019/12/01 09:48:38,243.4169921875
2019/12/01 10:48:38,242.216796875
2019/12/01 11:48:38,nan
2019/12/01 12:48:38,nan
2019/12/01 13:48:38,nan
2019/12/01 14:48:38,nan
2019/12/01 15:48:38,nan
2019/12/01 16:48:38,nan
2019/12/01 17:48:38,nan
2019/12/01 18:48:38,nan
2019/12/01 19:48:38,nan
2019/12/01 20:48:38,nan
2019/12/01 21:48:38,nan
2019/12/01 22:48:38,nan
2019/12/01 23:48:38,247.9296875
2019/12/02 00:48:38,246.6767578125
2019/12/02 01:48:38,245.7119140625
2019/12/02 02:48:38,244.828125
2019/12/02 03:48:38,244.4833984375
2019/12/02 04:48:38,nan
2019/12/02 05:48:38,244.5859375
2019/12/02 06:48:38,243.01171875
2019/12/02 07:48:38,nan
2019/12/02 08:48:38,243.8720703125
2019/12/02 09:48:38,243.6474609375
2019/12/02 10:48:38,243.0498046875
2019/12/02 11:48:38,242.8505859375
2019/12/02 12:48:38,242.51171875
2019/12/02 13:48:38,242.451171875
2019/12/02 14:48:38,242.5546875
2019/12/02 15:48:38,nan
2019/12/02 16:48:38,243.7763671875
2019/12/02 17:48:38,243.9013671875
2019/12/02 18:48:38,244.271484375
2019/12/02 19:48:38,245.9697265625
2019/12/02 20:48:38,nan
2019/12/02 21:48:38,248.1904296875
2019/12/02 22:48:38,247.865234375
2019/12/02 23:48:38,247.755859375
2019/12/03 00:48:38,nan
2019/12/03 01:48:38,nan
2019/12/03 02:48:38,246.8896484375
2019/12/03 03:48:38,nan
2019/12/03 04:48:38,nan
2019/12/03 05:48:38,nan
2019/12/03 06:48:38,252.943359375
2019/12/03 07:48:38,nan
2019/12/03 08:48:38,nan
2019/12/03 09:48:38,nan
2019/12/03 10:48:38,nan
2019/12/03 11:48:38,251.9296875
2019/12/03 12:48:38,nan
2019/12/03 13:48:38,251.9482421875
2019/12/03 14:48:38,251.564453125
2019/12/03 15:48:38,nan
2019/12/03 16:48:38,nan
2019/12/03 17:48:38,nan
2019/12/03 18:48:38,248.419921875
2019/12/03 19:48:38,nan
2019/12/03 20:48:38,nan
2019/12/03 21:48:38,250.78125
2019/12/03 22:48:38,249.8251953125
2019/12/03 23:48:38,nan
2019/12/04 00:48:38,nan
2019/12/04 01:48:38,nan
2019/12/04 02:48:38,253.193359375
2019/12/04 03:48:38,252.576171875
2019/12/04 04:48:38,251.4453125
2019/12/04 05:48:38,nan
2019/12/04 06:48:38,251.12890625
2019/12/04 07:48:38,nan
2019/12/04 08:48:38,nan
2019/12/04 09:48:38,nan
2019/12/04 10:48:38,nan
2019/12/04 11:48:38,nan
2019/12/04 12:48:38,nan
2019/12/04 13:48:38,nan
2019/12/04 14:48:38,nan
2019/12/04 15:48:38,nan
2019/12/04 16:48:38,nan
2019/12/04 17:48:38,nan
2019/12/04 18:48:38,nan
2019/12/04 19:48:38,nan
2019/12/04 20:48:38,nan
2019/12/04 21:48:38,nan
2019/12/04 22:48:38,nan
2019/12/04 23:48:38,nan
2019/12/05 00:48:38,nan
2019/12/05 01:48:38,nan
2019/12/05 02:48:38,nan
2019/12/05 03:48:38,nan
2019/12/05 04:48:38,nan
2019/12/05 05:48:38,nan
2019/12/05 06:48:38,nan
2019/12/05 07:48:38,nan
2019/12/05 08:48:38,nan
2019/12/05 09:48:38,nan
2019/12/05 10:48:38,nan
2019/12/05 11:48:38,nan
2019/12/05 12:48:38,nan
2019/12/05 13:48:38,nan
2019/12/05 14:48:38,nan
2019/12/05 15:48:38,nan
2019/12/05 16:48:38,252.462890625
2019/12/05 17:48:38,nan
2019/12/05 18:48:38,nan
2019/12/05 19:48:38,nan
2019/12/05 20:48:38,nan
2019/12/05 21:48:38,254.3046875
2019/12/05 22:48:38,249.9404296875
2019/12/05 23:48:38,251.169921875
2019/12/06 00:48:38,nan
2019/12/06 01:48:38,nan
2019/12/06 02:48:38,nan
2019/12/06 03:48:38,nan
2019/12/06 04:48:38,nan
2019/12/06 05:48:38,nan
2019/12/06 06:48:38,248.5654296875
2019/12/06 07:48:38,nan
2019/12/06 08:48:38,nan
2019/12/06 09:48:38,247.58984375
2019/12/06 10:48:38,nan
2019/12/06 11:48:38,nan
2019/12/06 12:48:38,245.91015625
2019/12/06 13:48:38,nan
2019/12/06 14:48:38,nan
2019/12/06 15:48:38,nan
2019/12/06 16:48:38,242.08984375
2019/12/06 17:48:38,241.3603515625
2019/12/06 18:48:38,nan
2019/12/06 19:48:38,241.1181640625
2019/12/06 20:48:38,241.599609375
2019/12/06 21:48:38,242.09375
2019/12/06 22:48:38,241.771484375
2019/12/06 23:48:38,240.626953125
2019/12/07 00:48:38,240.0546875
2019/12/07 01:48:38,238.7646484375
2019/12/07 02:48:38,nan
2019/12/07 03:48:38,237.6201171875
2019/12/07 04:48:38,nan
2019/12/07 05:48:38,nan
2019/12/07 06:48:38,nan
2019/12/07 07:48:38,nan
2019/12/07 08:48:38,nan
2019/12/07 09:48:38,nan
2019/12/07 10:48:38,nan
2019/12/07 11:48:38,nan
2019/12/07 12:48:38,nan
2019/12/07 13:48:38,nan
2019/12/07 14:48:38,nan
2019/12/07 15:48:38,nan
2019/12/07 16:48:38,nan
2019/12/07 17:48:38,nan
2019/12/07 18:48:38,nan
2019/12/07 19:48:38,nan
2019/12/07 20:48:38,244.0771484375
2019/12/07 21:48:38,242.9951171875
2019/12/07 22:48:38,nan
2019/12/07 23:48:38,243.2744140625
2019/12/08 00:48:38,243.8876953125
2019/12/08 01:48:38,244.099609375
2019/12/08 02:48:38,245.357421875
2019/12/08 03:48:38,nan
2019/12/08 04:48:38,nan
2019/12/08 05:48:38,nan
2019/12/08 06:48:38,nan
2019/12/08 07:48:38,nan
2019/12/08 08:48:38,nan
2019/12/08 09:48:38,247.4501953125
2019/12/08 10:48:38,nan
2019/12/08 11:48:38,nan
2019/12/08 12:48:38,248.5546875
2019/12/08 13:48:38,nan
2019/12/08 14:48:38,245.7060546875
2019/12/08 15:48:38,244.9609375
2019/12/08 16:48:38,244.830078125
2019/12/08 17:48:38,nan
2019/12/08 18:48:38,246.7744140625
2019/12/08 19:48:38,246.1083984375
2019/12/08 20:48:38,246.337890625
2019/12/08 21:48:38,nan
2019/12/08 22:48:38,245.966796875
2019/12/08 23:48:38,245.849609375
2019/12/09 00:48:38,240.955078125
2019/12/09 01:48:38,245.62109375
2019/12/09 02:48:38,nan
2019/12/09 03:48:38,nan
2019/12/09 04:48:38,nan
2019/12/09 05:48:38,nan
2019/12/09 06:48:38,241.837890625
2019/12/09 07:48:38,nan
2019/12/09 08:48:38,nan
2019/12/09 09:48:38,nan
2019/12/09 10:48:38,nan
2019/12/09 11:48:38,nan
2019/12/09 12:48:38,nan
2019/12/09 13:48:38,nan
2019/12/09 14:48:38,nan
2019/12/09 15:48:38,nan
2019/12/09 16:48:38,nan
2019/12/09 17:48:38,nan
2019/12/09 18:48:38,248.3837890625
2019/12/09 19:48:38,nan
2019/12/09 20:48:38,246.25
2019/12/09 21:48:38,245.2568359375
2019/12/09 22:48:38,244.302734375
2019/12/09 23:48:38,244.2451171875
2019/12/10 00:48:38,nan
2019/12/10 01:48:38,nan
2019/12/10 02:48:38,245.19140625
2019/12/10 03:48:38,nan
2019/12/10 04:48:38,246.490234375
2019/12/10 05:48:38,245.5888671875
2019/12/10 06:48:38,nan
2019/12/10 07:48:38,nan
2019/12/10 08:48:38,nan
2019/12/10 09:48:38,nan
2019/12/10 10:48:38,nan
2019/12/10 11:48:38,nan
2019/12/10 12:48:38,249.73828125
2019/12/10 13:48:38,nan
2019/12/10 14:48:38,nan
2019/12/10 15:48:38,251.8701171875
2019/12/10 16:48:38,250.712890625
2019/12/10 17:48:38,251.275390625
2019/12/10 18:48:38,249.83984375
2019/12/10 19:48:38,249.849609375
2019/12/10 20:48:38,248.8271484375
2019/12/10 21:48:38,248.3134765625
2019/12/10 22:48:38,248.0869140625
2019/12/10 23:48:38,248.06640625
2019/12/11 00:48:38,247.8583984375
2019/12/11 01:48:38,248.34765625
2019/12/11 02:48:38,248.16015625
2019/12/11 03:48:38,247.6923828125
2019/12/11 04:48:38,247.0595703125
2019/12/11 05:48:38,nan
2019/12/11 06:48:38,246.3388671875
2019/12/11 07:48:38,246.1572265625
2019/12/11 08:48:38,246.052734375
2019/12/11 09:48:38,246.484375
2019/12/11 10:48:38,nan
2019/12/11 11:48:38,246.2060546875
2019/12/11 12:48:38,245.322265625
2019/12/11 13:48:38,245.548828125
2019/12/11 14:48:38,245.296875
2019/12/11 15:48:38,nan
2019/12/11 16:48:38,244.4833984375
2019/12/11 17:48:38,244.7353515625
2019/12/11 18:48:38,nan
2019/12/11 19:48:38,246.2099609375
2019/12/11 20:48:38,246.76953125
2019/12/11 21:48:38,nan
2019/12/11 22:48:38,nan
2019/12/11 23:48:38,nan
2019/12/12 00:48:38,nan
2019/12/12 01:48:38,nan
2019/12/12 02:48:38,nan
2019/12/12 03:48:38,246.65234375
2019/12/12 04:48:38,nan
2019/12/12 05:48:38,nan
2019/12/12 06:48:38,nan
2019/12/12 07:48:38,nan
2019/12/12 08:48:38,nan
2019/12/12 09:48:38,nan
2019/12/12 10:48:38,247.884765625
2019/12/12 11:48:38,247.3076171875
2019/12/12 12:48:38,nan
2019/12/12 13:48:38,246.4697265625
2019/12/12 14:48:38,nan
2019/12/12 15:48:38,244.4091796875
2019/12/12 16:48:38,241.9853515625
2019/12/12 17:48:38,241.943359375
2019/12/12 18:48:38,nan
2019/12/12 19:48:38,nan
2019/12/12 20:48:38,245.4560546875
2019/12/12 21:48:38,243.9501953125
2019/12/12 22:48:38,243.1904296875
2019/12/12 23:48:38,244.4970703125
2019/12/13 00:48:38,nan
2019/12/13 01:48:38,242.900390625
2019/12/13 02:48:38,241.5654296875
2019/12/13 03:48:38,242.28515625
2019/12/13 04:48:38,240.2353515625
2019/12/13 05:48:38,239.4033203125
2019/12/13 06:48:38,239.306640625
2019/12/13 07:48:38,240.2001953125
2019/12/13 08:48:38,240.0751953125
2019/12/13 09:48:38,239.62890625
2019/12/13 10:48:38,241.185546875
2019/12/13 11:48:38,241.201171875
2019/12/13 12:48:38,241.759765625
2019/12/13 13:48:38,241.990234375
2019/12/13 14:48:38,240.8525390625
2019/12/13 15:48:38,240.462890625
2019/12/13 16:48:38,240.3427734375
2019/12/13 17:48:38,239.6884765625
2019/12/13 18:48:38,nan
2019/12/13 19:48:38,241.26953125
2019/12/13 20:48:38,243.2998046875
2019/12/13 21:48:38,nan
2019/12/13 22:48:38,241.5390625
2019/12/13 23:48:38,nan
2019/12/14 00:48:38,239.3916015625
2019/12/14 01:48:38,242.7451171875
2019/12/14 02:48:38,nan
2019/12/14 03:48:38,nan
2019/12/14 04:48:38,nan
2019/12/14 05:48:38,244.15234375
2019/12/14 06:48:38,243.6162109375
2019/12/14 07:48:38,243.9296875
2019/12/14 08:48:38,243.203125
2019/12/14 09:48:38,243.4970703125
2019/12/14 10:48:38,242.4375
2019/12/14 11:48:38,241.5
2019/12/14 12:48:38,241.265625
2019/12/14 13:48:38,241.3740234375
2019/12/14 14:48:38,241.212890625
2019/12/14 15:48:38,240.7490234375
2019/12/14 16:48:38,240.37890625
2019/12/14 17:48:38,240.32421875
2019/12/14 18:48:38,239.951171875
2019/12/14 19:48:38,239.453125
2019/12/14 20:48:38,239.2138671875
2019/12/14 21:48:38,239.544921875
2019/12/14 22:48:38,nan
2019/12/14 23:48:38,240.15234375
2019/12/15 00:48:38,239.7470703125
2019/12/15 01:48:38,239.890625
2019/12/15 02:48:38,239.349609375
2019/12/15 03:48:38,nan
2019/12/15 04:48:38,236.20703125
2019/12/15 05:48:38,239.9970703125
2019/12/15 06:48:38,238.9462890625
2019/12/15 07:48:38,240.0458984375
2019/12/15 08:48:38,nan
2019/12/15 09:48:38,240.2763671875
2019/12/15 10:48:38,240.3056640625
2019/12/15 11:48:38,240.1396484375
2019/12/15 12:48:38,240.6875
2019/12/15 13:48:38,241.0498046875
2019/12/15 14:48:38,241.7373046875
2019/12/15 15:48:38,244.021484375
2019/12/15 16:48:38,243.3505859375
2019/12/15 17:48:38,242.826171875
2019/12/15 18:48:38,nan
2019/12/15 19:48:38,246.83984375
2019/12/15 20:48:38,246.8896484375
2019/12/15 21:48:38,nan
2019/12/15 22:48:38,nan
2019/12/15 23:48:38,244.0498046875
2019/12/16 00:48:38,242.5888671875
2019/12/16 01:48:38,239.6923828125
2019/12/16 02:48:38,nan
2019/12/16 03:48:38,243.86328125
2019/12/16 04:48:38,240.2841796875
2019/12/16 05:48:38,241.1650390625
2019/12/16 06:48:38,243.080078125
2019/12/16 07:48:38,nan
2019/12/16 08:48:38,239.4521484375
2019/12/16 09:48:38,242.34765625
2019/12/16 10:48:38,243.111328125
2019/12/16 11:48:38,243.798828125
2019/12/16 12:48:38,nan
2019/12/16 13:48:38,242.8974609375
2019/12/16 14:48:38,242.6962890625
2019/12/16 15:48:38,243.7802734375
2019/12/16 16:48:38,242.3154296875
2019/12/16 17:48:38,nan
2019/12/16 18:48:38,243.4873046875
2019/12/16 19:48:38,242.8359375
2019/12/16 20:48:38,240.310546875
2019/12/16 21:48:38,241.40625
2019/12/16 22:48:38,242.41015625
2019/12/16 23:48:38,242.771484375
2019/12/17 00:48:38,243.1064453125
2019/12/17 01:48:38,243.2763671875
2019/12/17 02:48:38,243.4169921875
2019/12/17 03:48:38,243.5595703125
2019/12/17 04:48:38,244.0498046875
2019/12/17 05:48:38,243.5
2019/12/17 06:48:38,243.494140625
2019/12/17 07:48:38,243.34765625
2019/12/17 08:48:38,242.6396484375
2019/12/17 09:48:38,242.921875
2019/12/17 10:48:38,243.0009765625
2019/12/17 11:48:38,nan
2019/12/17 12:48:38,244.513671875
2019/12/17 13:48:38,243.0634765625
2019/12/17 14:48:38,242.7421875
2019/12/17 15:48:38,242.53515625
2019/12/17 16:48:38,nan
2019/12/17 17:48:38,242.45703125
2019/12/17 18:48:38,nan
2019/12/17 19:48:38,244.6123046875
2019/12/17 20:48:38,245.08203125
2019/12/17 21:48:38,nan
2019/12/17 22:48:38,245.6513671875
2019/12/17 23:48:38,246.3701171875
2019/12/18 00:48:38,nan
2019/12/18 01:48:38,245.849609375
2019/12/18 02:48:38,245.64453125
2019/12/18 03:48:38,nan
2019/12/18 04:48:38,nan
2019/12/18 05:48:38,nan
2019/12/18 06:48:38,nan
2019/12/18 07:48:38,nan
2019/12/18 08:48:38,nan
2019/12/18 09:48:38,nan
2019/12/18 10:48:38,nan
2019/12/18 11:48:38,245.7109375
2019/12/18 12:48:38,245.7080078125
2019/12/18 13:48:38,245.6162109375
2019/12/18 14:48:38,245.576171875
2019/12/18 15:48:38,nan
2019/12/18 16:48:38,245.54296875
2019/12/18 17:48:38,244.6533203125
2019/12/18 18:48:38,244.08203125
2019/12/18 19:48:38,244.9033203125
2019/12/18 20:48:38,nan
2019/12/18 21:48:38,244.6396484375
2019/12/18 22:48:38,242.2392578125
2019/12/18 23:48:38,240.3984375
2019/12/19 00:48:38,240.875
2019/12/19 01:48:38,nan
2019/12/19 02:48:38,239.3095703125
2019/12/19 03:48:38,241.326171875
2019/12/19 04:48:38,239.3046875
2019/12/19 05:48:38,237.892578125
2019/12/19 06:48:38,nan
2019/12/19 07:48:38,242.3857421875
2019/12/19 08:48:38,243.9970703125
2019/12/19 09:48:38,244.0478515625
2019/12/19 10:48:38,241.9013671875
2019/12/19 11:48:38,239.6201171875
2019/12/19 12:48:38,243.1552734375
2019/12/19 13:48:38,244.08984375
2019/12/19 14:48:38,243.3701171875
2019/12/19 15:48:38,244.8896484375
2019/12/19 16:48:38,244.375
2019/12/19 17:48:38,244.1767578125
2019/12/19 18:48:38,243.1796875
2019/12/19 19:48:38,nan
2019/12/19 20:48:38,239.7392578125
2019/12/19 21:48:38,241.8154296875
2019/12/19 22:48:38,242.8232421875
2019/12/19 23:48:38,242.59375
2019/12/20 00:48:38,nan
2019/12/20 01:48:38,244.041015625
2019/12/20 02:48:38,243.2333984375
2019/12/20 03:48:38,243.314453125
2019/12/20 04:48:38,244.1728515625
2019/12/20 05:48:38,nan
2019/12/20 06:48:38,244.587890625
2019/12/20 07:48:38,247.6484375
2019/12/20 08:48:38,nan
2019/12/20 09:48:38,245.775390625
2019/12/20 10:48:38,nan
2019/12/20 11:48:38,243.9306640625
2019/12/20 12:48:38,244.8857421875
2019/12/20 13:48:38,245.05859375
2019/12/20 14:48:38,245.0791015625
2019/12/20 15:48:38,244.4453125
2019/12/20 16:48:38,244.2216796875
2019/12/20 17:48:38,244.740234375
2019/12/20 18:48:38,nan
2019/12/20 19:48:38,nan
2019/12/20 20:48:38,244.4287109375
2019/12/20 21:48:38,243.7880859375
2019/12/20 22:48:38,244.412109375
2019/12/20 23:48:38,245.0302734375
2019/12/21 00:48:38,244.3740234375
2019/12/21 01:48:38,242.3701171875
2019/12/21 02:48:38,242.1865234375
2019/12/21 03:48:38,241.1865234375
2019/12/21 04:48:38,nan
2019/12/21 05:48:38,240.724609375
2019/12/21 06:48:38,240.4912109375
2019/12/21 07:48:38,240.193359375
2019/12/21 08:48:38,239.517578125
2019/12/21 09:48:38,nan
2019/12/21 10:48:38,240.595703125
2019/12/21 11:48:38,242.0634765625
2019/12/21 12:48:38,243.1796875
2019/12/21 13:48:38,241.2978515625
2019/12/21 14:48:38,nan
2019/12/21 15:48:38,240.1982421875
2019/12/21 16:48:38,239.990234375
2019/12/21 17:48:38,240.8388671875
2019/12/21 18:48:38,239.85546875
2019/12/21 19:48:38,238.126953125
2019/12/21 20:48:38,238.0615234375
2019/12/21 21:48:38,240.8134765625
2019/12/21 22:48:38,240.6845703125
2019/12/21 23:48:38,239.009765625
2019/12/22 00:48:38,nan
2019/12/22 01:48:38,239.9619140625
2019/12/22 02:48:38,239.4873046875
2019/12/22 03:48:38,239.158203125
2019/12/22 04:48:38,242.423828125
2019/12/22 05:48:38,244.9453125
2019/12/22 06:48:38,243.8701171875
2019/12/22 07:48:38,246.3369140625
2019/12/22 08:48:38,nan
2019/12/22 09:48:38,244.671875
2019/12/22 10:48:38,243.4404296875
2019/12/22 11:48:38,244.158203125
2019/12/22 12:48:38,243.9287109375
2019/12/22 13:48:38,nan
2019/12/22 14:48:38,244.03125
2019/12/22 15:48:38,nan
2019/12/22 16:48:38,nan
2019/12/22 17:48:38,nan
2019/12/22 18:48:38,nan
2019/12/22 19:48:38,nan
2019/12/22 20:48:38,nan
2019/12/22 21:48:38,251.03515625
2019/12/22 22:48:38,249.86328125
2019/12/22 23:48:38,248.919921875
2019/12/23 00:48:38,248.06640625
2019/12/23 01:48:38,246.5
2019/12/23 02:48:38,246.248046875
2019/12/23 03:48:38,244.6318359375
2019/12/23 04:48:38,245.1416015625
2019/12/23 05:48:38,245.412109375
2019/12/23 06:48:38,245.103515625
2019/12/23 07:48:38,244.80078125
2019/12/23 08:48:38,245.642578125
2019/12/23 09:48:38,245.9736328125
2019/12/23 10:48:38,246.73046875
2019/12/23 11:48:38,nan
2019/12/23 12:48:38,nan
2019/12/23 13:48:38,244.7109375
2019/12/23 14:48:38,243.9501953125
2019/12/23 15:48:38,243.5703125
2019/12/23 16:48:38,nan
2019/12/23 17:48:38,nan
2019/12/23 18:48:38,nan
2019/12/23 19:48:38,246.4501953125
2019/12/23 20:48:38,nan
2019/12/23 21:48:38,245.7646484375
2019/12/23 22:48:38,nan
2019/12/23 23:48:38,244.9375
2019/12/24 00:48:38,245.490234375
2019/12/24 01:48:38,nan
2019/12/24 02:48:38,244.7802734375
2019/12/24 03:48:38,245.66796875
2019/12/24 04:48:38,245.4970703125
2019/12/24 05:48:38,244.6298828125
2019/12/24 06:48:38,244.6337890625
2019/12/24 07:48:38,244.3046875
2019/12/24 08:48:38,245.947265625
2019/12/24 09:48:38,nan
2019/12/24 10:48:38,nan
2019/12/24 11:48:38,nan
2019/12/24 12:48:38,250.9658203125
2019/12/24 13:48:38,nan
2019/12/24 14:48:38,nan
2019/12/24 15:48:38,nan
2019/12/24 16:48:38,nan
2019/12/24 17:48:38,252.833984375
2019/12/24 18:48:38,nan
2019/12/24 19:48:38,nan
2019/12/24 20:48:38,251.8095703125
2019/12/24 21:48:38,nan
2019/12/24 22:48:38,nan
2019/12/24 23:48:38,nan
2019/12/25 00:48:38,nan
2019/12/25 01:48:38,252.03515625
2019/12/25 02:48:38,nan
2019/12/25 03:48:38,nan
2019/12/25 04:48:38,nan
2019/12/25 05:48:38,nan
2019/12/25 06:48:38,nan
2019/12/25 07:48:38,nan
2019/12/25 08:48:38,nan
2019/12/25 09:48:38,nan
2019/12/25 10:48:38,nan
2019/12/25 11:48:38,nan
2019/12/25 12:48:38,nan
2019/12/25 13:48:38,nan
2019/12/25 14:48:38,nan
2019/12/25 15:48:38,nan
2019/12/25 16:48:38,nan
2019/12/25 17:48:38,nan
2019/12/25 18:48:38,nan
2019/12/25 19:48:38,nan
2019/12/25 20:48:38,nan
2019/12/25 21:48:38,nan
2019/12/25 22:48:38,nan
2019/12/25 23:48:38,nan
2019/12/26 00:48:38,nan
2019/12/26 01:48:38,nan
2019/12/26 02:48:38,243.2822265625
2019/12/26 03:48:38,nan
2019/12/26 04:48:38,nan
2019/12/26 05:48:38,nan
2019/12/26 06:48:38,nan
2019/12/26 07:48:38,nan
2019/12/26 08:48:38,nan
2019/12/26 09:48:38,nan
2019/12/26 10:48:38,nan
2019/12/26 11:48:38,nan
2019/12/26 12:48:38,nan
2019/12/26 13:48:38,nan
2019/12/26 14:48:38,nan
2019/12/26 15:48:38,nan
2019/12/26 16:48:38,nan
2019/12/26 17:48:38,243.005859375
2019/12/26 18:48:38,240.5302734375
2019/12/26 19:48:38,239.8623046875
2019/12/26 20:48:38,241.8271484375
2019/12/26 21:48:38,nan
2019/12/26 22:48:38,nan
2019/12/26 23:48:38,237.6669921875
2019/12/27 00:48:38,236.625
2019/12/27 01:48:38,234.791015625
2019/12/27 02:48:38,234.486328125
2019/12/27 03:48:38,234.009765625
2019/12/27 04:48:38,234.4072265625
2019/12/27 05:48:38,nan
2019/12/27 06:48:38,233.9208984375
2019/12/27 07:48:38,233.40625
2019/12/27 08:48:38,233.3251953125
2019/12/27 09:48:38,232.8857421875
2019/12/27 10:48:38,nan
2019/12/27 11:48:38,232.7841796875
2019/12/27 12:48:38,232.888671875
2019/12/27 13:48:38,232.60546875
2019/12/27 14:48:38,231.8115234375
2019/12/27 15:48:38,nan
2019/12/27 16:48:38,232.443359375
2019/12/27 17:48:38,232.7177734375
2019/12/27 18:48:38,232.64453125
2019/12/27 19:48:38,233.2158203125
2019/12/27 20:48:38,nan
2019/12/27 21:48:38,nan
2019/12/27 22:48:38,nan
2019/12/27 23:48:38,nan
2019/12/28 00:48:38,239.150390625
2019/12/28 01:48:38,236.9501953125
2019/12/28 02:48:38,235.8759765625
2019/12/28 03:48:38,232.4853515625
2019/12/28 04:48:38,232.7763671875
2019/12/28 05:48:38,234.79296875
2019/12/28 06:48:38,nan
2019/12/28 07:48:38,235.4716796875
2019/12/28 08:48:38,235.5673828125
2019/12/28 09:48:38,nan
2019/12/28 10:48:38,nan
2019/12/28 11:48:38,237.287109375
2019/12/28 12:48:38,238.99609375
2019/12/28 13:48:38,236.73046875
2019/12/28 14:48:38,nan
2019/12/28 15:48:38,237.1337890625
2019/12/28 16:48:38,nan
2019/12/28 17:48:38,238.240234375
2019/12/28 18:48:38,238.8662109375
2019/12/28 19:48:38,nan
2019/12/28 20:48:38,237.8896484375
2019/12/28 21:48:38,nan
2019/12/28 22:48:38,238.63671875
2019/12/28 23:48:38,237.0439453125
2019/12/29 00:48:38,nan
2019/12/29 01:48:38,235.5810546875
2019/12/29 02:48:38,nan
2019/12/29 03:48:38,nan
2019/12/29 04:48:38,nan
2019/12/29 05:48:38,nan
2019/12/29 06:48:38,nan
2019/12/29 07:48:38,nan
2019/12/29 08:48:38,nan
2019/12/29 09:48:38,nan
2019/12/29 10:48:38,nan
2019/12/29 11:48:38,nan
2019/12/29 12:48:38,nan
2019/12/29 13:48:38,nan
2019/12/29 14:48:38,nan
2019/12/29 15:48:38,nan
2019/12/29 16:48:38,nan
2019/12/29 17:48:38,nan
2019/12/29 18:48:38,nan
2019/12/29 19:48:38,nan
2019/12/29 20:48:38,nan
2019/12/29 21:48:38,nan
2019/12/29 22:48:38,nan
2019/12/29 23:48:38,nan
2019/12/30 00:48:38,nan
2019/12/30 01:48:38,nan
2019/12/30 02:48:38,nan
2019/12/30 03:48:38,nan
2019/12/30 04:48:38,nan
2019/12/30 05:48:38,nan
2019/12/30 06:48:38,nan
2019/12/30 07:48:38,nan
2019/12/30 08:48:38,nan
2019/12/30 09:48:38,nan
2019/12/30 10:48:38,nan
2019/12/30 11:48:38,nan
2019/12/30 12:48:38,nan
2019/12/30 13:48:38,nan
2019/12/30 14:48:38,nan
2019/12/30 15:48:38,nan
2019/12/30 16:48:38,nan
2019/12/30 17:48:38,nan
2019/12/30 18:48:38,nan
2019/12/30 19:48:38,nan
2019/12/30 20:48:38,nan
2019/12/30 21:48:38,nan
2019/12/30 22:48:38,nan
2019/12/30 23:48:38,241.23046875
2019/12/31 00:48:38,nan
2019/12/31 01:48:38,238.5126953125
2019/12/31 02:48:38,nan
2019/12/31 03:48:38,nan
2019/12/31 04:48:38,nan
2019/12/31 05:48:38,nan
2019/12/31 06:48:38,nan
2019/12/31 07:48:38,nan
2019/12/31 08:48:38,nan
2019/12/31 09:48:38,nan
2019/12/31 10:48:38,nan
2019/12/31 11:48:38,nan
2019/12/31 12:48:38,nan
2019/12/31 13:48:38,nan
2019/12/31 14:48:38,nan
2019/12/31 15:48:38,nan
2019/12/31 16:48:38,nan
2019/12/31 17:48:38,nan
2019/12/31 18:48:38,nan
2019/12/31 19:48:38,nan
2019/12/31 20:48:38,nan
2019/12/31 21:48:38,nan
2019/12/31 22:48:38,nan
2019/12/31 23:48:38,nan
